timestamp_utc	tool	raw
2026-08-16T02:42:20+00:00	rocm-smi	||============================ ROCm System Management Interface ============================|====================================== Temperature =======================================|GPU[0]  : Temperature (Sensor junction) (C): 45.0|GPU[0]  : Temperature (Sensor memory) (C): 38.0|==========================================================================================|=================================== Power Consumption ====================================|GPU[0]  : Current Socket Graphics Package Power (W): 160.0|==========================================================================================|=================================== % time GPU is busy ===================================|GPU[0]  : GPU use (%): 0|==========================================================================================|================================== Memory Usage (Bytes) ==================================|GPU[0]  : VRAM Total Memory (B): 205822885888|GPU[0]  : VRAM Total Used Memory (B): 299687936|==========================================================================================|================================== End of ROCm SMI Log ===================================|
2026-08-16T02:42:25+00:00	rocm-smi	||============================ ROCm System Management Interface ============================|====================================== Temperature =======================================|GPU[0]  : Temperature (Sensor junction) (C): 45.0|GPU[0]  : Temperature (Sensor memory) (C): 38.0|==========================================================================================|=================================== Power Consumption ====================================|GPU[0]  : Current Socket Graphics Package Power (W): 159.0|==========================================================================================|=================================== % time GPU is busy ===================================|GPU[0]  : GPU use (%): 0|==========================================================================================|================================== Memory Usage (Bytes) ==================================|GPU[0]  : VRAM Total Memory (B): 205822885888|GPU[0]  : VRAM Total Used Memory (B): 299687936|==========================================================================================|================================== End of ROCm SMI Log ===================================|
2026-08-16T02:42:30+00:00	rocm-smi	||============================ ROCm System Management Interface ============================|====================================== Temperature =======================================|GPU[0]  : Temperature (Sensor junction) (C): 45.0|GPU[0]  : Temperature (Sensor memory) (C): 38.0|==========================================================================================|=================================== Power Consumption ====================================|GPU[0]  : Current Socket Graphics Package Power (W): 160.0|==========================================================================================|=================================== % time GPU is busy ===================================|GPU[0]  : GPU use (%): 0|==========================================================================================|================================== Memory Usage (Bytes) ==================================|GPU[0]  : VRAM Total Memory (B): 205822885888|GPU[0]  : VRAM Total Used Memory (B): 299687936|==========================================================================================|================================== End of ROCm SMI Log ===================================|
2026-08-16T02:42:35+00:00	rocm-smi	||============================ ROCm System Management Interface ============================|====================================== Temperature =======================================|GPU[0]  : Temperature (Sensor junction) (C): 45.0|GPU[0]  : Temperature (Sensor memory) (C): 38.0|==========================================================================================|=================================== Power Consumption ====================================|GPU[0]  : Current Socket Graphics Package Power (W): 159.0|==========================================================================================|=================================== % time GPU is busy ===================================|GPU[0]  : GPU use (%): 0|==========================================================================================|================================== Memory Usage (Bytes) ==================================|GPU[0]  : VRAM Total Memory (B): 205822885888|GPU[0]  : VRAM Total Used Memory (B): 299687936|==========================================================================================|================================== End of ROCm SMI Log ===================================|
2026-08-16T02:42:40+00:00	rocm-smi	||============================ ROCm System Management Interface ============================|====================================== Temperature =======================================|GPU[0]  : Temperature (Sensor junction) (C): 45.0|GPU[0]  : Temperature (Sensor memory) (C): 38.0|==========================================================================================|=================================== Power Consumption ====================================|GPU[0]  : Current Socket Graphics Package Power (W): 160.0|==========================================================================================|=================================== % time GPU is busy ===================================|GPU[0]  : GPU use (%): 0|==========================================================================================|================================== Memory Usage (Bytes) ==================================|GPU[0]  : VRAM Total Memory (B): 205822885888|GPU[0]  : VRAM Total Used Memory (B): 299687936|==========================================================================================|================================== End of ROCm SMI Log ===================================|
2026-08-16T02:42:45+00:00	rocm-smi	||============================ ROCm System Management Interface ============================|====================================== Temperature =======================================|GPU[0]  : Temperature (Sensor junction) (C): 45.0|GPU[0]  : Temperature (Sensor memory) (C): 38.0|==========================================================================================|=================================== Power Consumption ====================================|GPU[0]  : Current Socket Graphics Package Power (W): 160.0|==========================================================================================|=================================== % time GPU is busy ===================================|GPU[0]  : GPU use (%): 0|==========================================================================================|================================== Memory Usage (Bytes) ==================================|GPU[0]  : VRAM Total Memory (B): 205822885888|GPU[0]  : VRAM Total Used Memory (B): 299687936|==========================================================================================|================================== End of ROCm SMI Log ===================================|
2026-08-16T02:42:50+00:00	rocm-smi	||============================ ROCm System Management Interface ============================|====================================== Temperature =======================================|GPU[0]  : Temperature (Sensor junction) (C): 45.0|GPU[0]  : Temperature (Sensor memory) (C): 38.0|==========================================================================================|=================================== Power Consumption ====================================|GPU[0]  : Current Socket Graphics Package Power (W): 159.0|==========================================================================================|=================================== % time GPU is busy ===================================|GPU[0]  : GPU use (%): 0|==========================================================================================|================================== Memory Usage (Bytes) ==================================|GPU[0]  : VRAM Total Memory (B): 205822885888|GPU[0]  : VRAM Total Used Memory (B): 299687936|==========================================================================================|================================== End of ROCm SMI Log ===================================|
2026-08-16T02:42:56+00:00	rocm-smi	||============================ ROCm System Management Interface ============================|====================================== Temperature =======================================|GPU[0]  : Temperature (Sensor junction) (C): 45.0|GPU[0]  : Temperature (Sensor memory) (C): 38.0|==========================================================================================|=================================== Power Consumption ====================================|GPU[0]  : Current Socket Graphics Package Power (W): 160.0|==========================================================================================|=================================== % time GPU is busy ===================================|GPU[0]  : GPU use (%): 0|==========================================================================================|================================== Memory Usage (Bytes) ==================================|GPU[0]  : VRAM Total Memory (B): 205822885888|GPU[0]  : VRAM Total Used Memory (B): 299687936|==========================================================================================|================================== End of ROCm SMI Log ===================================|
2026-08-16T02:43:01+00:00	rocm-smi	||============================ ROCm System Management Interface ============================|====================================== Temperature =======================================|GPU[0]  : Temperature (Sensor junction) (C): 45.0|GPU[0]  : Temperature (Sensor memory) (C): 38.0|==========================================================================================|=================================== Power Consumption ====================================|GPU[0]  : Current Socket Graphics Package Power (W): 160.0|==========================================================================================|=================================== % time GPU is busy ===================================|GPU[0]  : GPU use (%): 0|==========================================================================================|================================== Memory Usage (Bytes) ==================================|GPU[0]  : VRAM Total Memory (B): 205822885888|GPU[0]  : VRAM Total Used Memory (B): 299687936|==========================================================================================|================================== End of ROCm SMI Log ===================================|
2026-08-16T02:43:06+00:00	rocm-smi	||============================ ROCm System Management Interface ============================|====================================== Temperature =======================================|GPU[0]  : Temperature (Sensor junction) (C): 45.0|GPU[0]  : Temperature (Sensor memory) (C): 38.0|==========================================================================================|=================================== Power Consumption ====================================|GPU[0]  : Current Socket Graphics Package Power (W): 159.0|==========================================================================================|=================================== % time GPU is busy ===================================|GPU[0]  : GPU use (%): 0|==========================================================================================|================================== Memory Usage (Bytes) ==================================|GPU[0]  : VRAM Total Memory (B): 205822885888|GPU[0]  : VRAM Total Used Memory (B): 299749376|==========================================================================================|================================== End of ROCm SMI Log ===================================|
2026-08-16T02:43:11+00:00	rocm-smi	||============================ ROCm System Management Interface ============================|====================================== Temperature =======================================|GPU[0]  : Temperature (Sensor junction) (C): 45.0|GPU[0]  : Temperature (Sensor memory) (C): 38.0|==========================================================================================|=================================== Power Consumption ====================================|GPU[0]  : Current Socket Graphics Package Power (W): 160.0|==========================================================================================|=================================== % time GPU is busy ===================================|GPU[0]  : GPU use (%): 0|==========================================================================================|================================== Memory Usage (Bytes) ==================================|GPU[0]  : VRAM Total Memory (B): 205822885888|GPU[0]  : VRAM Total Used Memory (B): 299810816|==========================================================================================|================================== End of ROCm SMI Log ===================================|
2026-08-16T02:43:16+00:00	rocm-smi	||============================ ROCm System Management Interface ============================|====================================== Temperature =======================================|GPU[0]  : Temperature (Sensor junction) (C): 45.0|GPU[0]  : Temperature (Sensor memory) (C): 38.0|==========================================================================================|=================================== Power Consumption ====================================|GPU[0]  : Current Socket Graphics Package Power (W): 160.0|==========================================================================================|=================================== % time GPU is busy ===================================|GPU[0]  : GPU use (%): 0|==========================================================================================|================================== Memory Usage (Bytes) ==================================|GPU[0]  : VRAM Total Memory (B): 205822885888|GPU[0]  : VRAM Total Used Memory (B): 299749376|==========================================================================================|================================== End of ROCm SMI Log ===================================|
2026-08-16T02:43:21+00:00	rocm-smi	||============================ ROCm System Management Interface ============================|====================================== Temperature =======================================|GPU[0]  : Temperature (Sensor junction) (C): 45.0|GPU[0]  : Temperature (Sensor memory) (C): 38.0|==========================================================================================|=================================== Power Consumption ====================================|GPU[0]  : Current Socket Graphics Package Power (W): 159.0|==========================================================================================|=================================== % time GPU is busy ===================================|GPU[0]  : GPU use (%): 0|==========================================================================================|================================== Memory Usage (Bytes) ==================================|GPU[0]  : VRAM Total Memory (B): 205822885888|GPU[0]  : VRAM Total Used Memory (B): 299819008|==========================================================================================|================================== End of ROCm SMI Log ===================================|
2026-08-16T02:43:26+00:00	rocm-smi	||============================ ROCm System Management Interface ============================|====================================== Temperature =======================================|GPU[0]  : Temperature (Sensor junction) (C): 45.0|GPU[0]  : Temperature (Sensor memory) (C): 38.0|==========================================================================================|=================================== Power Consumption ====================================|GPU[0]  : Current Socket Graphics Package Power (W): 198.0|==========================================================================================|=================================== % time GPU is busy ===================================|GPU[0]  : GPU use (%): 3|==========================================================================================|================================== Memory Usage (Bytes) ==================================|GPU[0]  : VRAM Total Memory (B): 205822885888|GPU[0]  : VRAM Total Used Memory (B): 64376721408|==========================================================================================|================================== End of ROCm SMI Log ===================================|
2026-08-16T02:43:31+00:00	rocm-smi	||============================ ROCm System Management Interface ============================|====================================== Temperature =======================================|GPU[0]  : Temperature (Sensor junction) (C): 45.0|GPU[0]  : Temperature (Sensor memory) (C): 38.0|==========================================================================================|=================================== Power Consumption ====================================|GPU[0]  : Current Socket Graphics Package Power (W): 197.0|==========================================================================================|=================================== % time GPU is busy ===================================|GPU[0]  : GPU use (%): 0|==========================================================================================|================================== Memory Usage (Bytes) ==================================|GPU[0]  : VRAM Total Memory (B): 205822885888|GPU[0]  : VRAM Total Used Memory (B): 64378441728|==========================================================================================|================================== End of ROCm SMI Log ===================================|
2026-08-16T02:43:36+00:00	rocm-smi	||============================ ROCm System Management Interface ============================|====================================== Temperature =======================================|GPU[0]  : Temperature (Sensor junction) (C): 45.0|GPU[0]  : Temperature (Sensor memory) (C): 39.0|==========================================================================================|=================================== Power Consumption ====================================|GPU[0]  : Current Socket Graphics Package Power (W): 240.0|==========================================================================================|=================================== % time GPU is busy ===================================|GPU[0]  : GPU use (%): 0|==========================================================================================|================================== Memory Usage (Bytes) ==================================|GPU[0]  : VRAM Total Memory (B): 205822885888|GPU[0]  : VRAM Total Used Memory (B): 64378441728|==========================================================================================|================================== End of ROCm SMI Log ===================================|
2026-08-16T02:43:42+00:00	rocm-smi	||============================ ROCm System Management Interface ============================|====================================== Temperature =======================================|GPU[0]  : Temperature (Sensor junction) (C): 45.0|GPU[0]  : Temperature (Sensor memory) (C): 38.0|==========================================================================================|=================================== Power Consumption ====================================|GPU[0]  : Current Socket Graphics Package Power (W): 199.0|==========================================================================================|=================================== % time GPU is busy ===================================|GPU[0]  : GPU use (%): 2|==========================================================================================|================================== Memory Usage (Bytes) ==================================|GPU[0]  : VRAM Total Memory (B): 205822885888|GPU[0]  : VRAM Total Used Memory (B): 64382578688|==========================================================================================|================================== End of ROCm SMI Log ===================================|
2026-08-16T02:43:47+00:00	rocm-smi	||============================ ROCm System Management Interface ============================|====================================== Temperature =======================================|GPU[0]  : Temperature (Sensor junction) (C): 45.0|GPU[0]  : Temperature (Sensor memory) (C): 39.0|==========================================================================================|=================================== Power Consumption ====================================|GPU[0]  : Current Socket Graphics Package Power (W): 245.0|==========================================================================================|=================================== % time GPU is busy ===================================|GPU[0]  : GPU use (%): 31|==========================================================================================|================================== Memory Usage (Bytes) ==================================|GPU[0]  : VRAM Total Memory (B): 205822885888|GPU[0]  : VRAM Total Used Memory (B): 64387837952|==========================================================================================|================================== End of ROCm SMI Log ===================================|
2026-08-16T02:43:52+00:00	rocm-smi	||============================ ROCm System Management Interface ============================|====================================== Temperature =======================================|GPU[0]  : Temperature (Sensor junction) (C): 45.0|GPU[0]  : Temperature (Sensor memory) (C): 38.0|==========================================================================================|=================================== Power Consumption ====================================|GPU[0]  : Current Socket Graphics Package Power (W): 195.0|==========================================================================================|=================================== % time GPU is busy ===================================|GPU[0]  : GPU use (%): 0|==========================================================================================|================================== Memory Usage (Bytes) ==================================|GPU[0]  : VRAM Total Memory (B): 205822885888|GPU[0]  : VRAM Total Used Memory (B): 64390901760|==========================================================================================|================================== End of ROCm SMI Log ===================================|
2026-08-16T02:43:57+00:00	rocm-smi	||============================ ROCm System Management Interface ============================|====================================== Temperature =======================================|GPU[0]  : Temperature (Sensor junction) (C): 45.0|GPU[0]  : Temperature (Sensor memory) (C): 38.0|==========================================================================================|=================================== Power Consumption ====================================|GPU[0]  : Current Socket Graphics Package Power (W): 195.0|==========================================================================================|=================================== % time GPU is busy ===================================|GPU[0]  : GPU use (%): 0|==========================================================================================|================================== Memory Usage (Bytes) ==================================|GPU[0]  : VRAM Total Memory (B): 205822885888|GPU[0]  : VRAM Total Used Memory (B): 65184378880|==========================================================================================|================================== End of ROCm SMI Log ===================================|
2026-08-16T02:44:02+00:00	rocm-smi	||============================ ROCm System Management Interface ============================|====================================== Temperature =======================================|GPU[0]  : Temperature (Sensor junction) (C): 46.0|GPU[0]  : Temperature (Sensor memory) (C): 39.0|==========================================================================================|=================================== Power Consumption ====================================|GPU[0]  : Current Socket Graphics Package Power (W): 206.0|==========================================================================================|=================================== % time GPU is busy ===================================|GPU[0]  : GPU use (%): 1|==========================================================================================|================================== Memory Usage (Bytes) ==================================|GPU[0]  : VRAM Total Memory (B): 205822885888|GPU[0]  : VRAM Total Used Memory (B): 65308934144|==========================================================================================|================================== End of ROCm SMI Log ===================================|
2026-08-16T02:44:07+00:00	rocm-smi	||============================ ROCm System Management Interface ============================|====================================== Temperature =======================================|GPU[0]  : Temperature (Sensor junction) (C): 48.0|GPU[0]  : Temperature (Sensor memory) (C): 42.0|==========================================================================================|=================================== Power Consumption ====================================|GPU[0]  : Current Socket Graphics Package Power (W): 258.0|==========================================================================================|=================================== % time GPU is busy ===================================|GPU[0]  : GPU use (%): 9|==========================================================================================|================================== Memory Usage (Bytes) ==================================|GPU[0]  : VRAM Total Memory (B): 205822885888|GPU[0]  : VRAM Total Used Memory (B): 65309188096|==========================================================================================|================================== End of ROCm SMI Log ===================================|
2026-08-16T02:44:12+00:00	rocm-smi	||============================ ROCm System Management Interface ============================|====================================== Temperature =======================================|GPU[0]  : Temperature (Sensor junction) (C): 46.0|GPU[0]  : Temperature (Sensor memory) (C): 45.0|==========================================================================================|=================================== Power Consumption ====================================|GPU[0]  : Current Socket Graphics Package Power (W): 357.0|==========================================================================================|=================================== % time GPU is busy ===================================|GPU[0]  : GPU use (%): 31|==========================================================================================|================================== Memory Usage (Bytes) ==================================|GPU[0]  : VRAM Total Memory (B): 205822885888|GPU[0]  : VRAM Total Used Memory (B): 65309483008|==========================================================================================|================================== End of ROCm SMI Log ===================================|
2026-08-16T02:44:17+00:00	rocm-smi	||============================ ROCm System Management Interface ============================|====================================== Temperature =======================================|GPU[0]  : Temperature (Sensor junction) (C): 46.0|GPU[0]  : Temperature (Sensor memory) (C): 39.0|==========================================================================================|=================================== Power Consumption ====================================|GPU[0]  : Current Socket Graphics Package Power (W): 210.0|==========================================================================================|=================================== % time GPU is busy ===================================|GPU[0]  : GPU use (%): 2|==========================================================================================|================================== Memory Usage (Bytes) ==================================|GPU[0]  : VRAM Total Memory (B): 205822885888|GPU[0]  : VRAM Total Used Memory (B): 65309663232|==========================================================================================|================================== End of ROCm SMI Log ===================================|
2026-08-16T02:44:22+00:00	rocm-smi	||============================ ROCm System Management Interface ============================|====================================== Temperature =======================================|GPU[0]  : Temperature (Sensor junction) (C): 47.0|GPU[0]  : Temperature (Sensor memory) (C): 51.0|==========================================================================================|=================================== Power Consumption ====================================|GPU[0]  : Current Socket Graphics Package Power (W): 586.0|==========================================================================================|=================================== % time GPU is busy ===================================|GPU[0]  : GPU use (%): 75|==========================================================================================|================================== Memory Usage (Bytes) ==================================|GPU[0]  : VRAM Total Memory (B): 205822885888|GPU[0]  : VRAM Total Used Memory (B): 65317539840|==========================================================================================|================================== End of ROCm SMI Log ===================================|
2026-08-16T02:44:27+00:00	rocm-smi	||============================ ROCm System Management Interface ============================|====================================== Temperature =======================================|GPU[0]  : Temperature (Sensor junction) (C): 46.0|GPU[0]  : Temperature (Sensor memory) (C): 41.0|==========================================================================================|=================================== Power Consumption ====================================|GPU[0]  : Current Socket Graphics Package Power (W): 262.0|==========================================================================================|=================================== % time GPU is busy ===================================|GPU[0]  : GPU use (%): 10|==========================================================================================|================================== Memory Usage (Bytes) ==================================|GPU[0]  : VRAM Total Memory (B): 205822885888|GPU[0]  : VRAM Total Used Memory (B): 65317810176|==========================================================================================|================================== End of ROCm SMI Log ===================================|
2026-08-16T02:44:33+00:00	rocm-smi	||============================ ROCm System Management Interface ============================|====================================== Temperature =======================================|GPU[0]  : Temperature (Sensor junction) (C): 46.0|GPU[0]  : Temperature (Sensor memory) (C): 40.0|==========================================================================================|=================================== Power Consumption ====================================|GPU[0]  : Current Socket Graphics Package Power (W): 215.0|==========================================================================================|=================================== % time GPU is busy ===================================|GPU[0]  : GPU use (%): 3|==========================================================================================|================================== Memory Usage (Bytes) ==================================|GPU[0]  : VRAM Total Memory (B): 205822885888|GPU[0]  : VRAM Total Used Memory (B): 65317957632|==========================================================================================|================================== End of ROCm SMI Log ===================================|
2026-08-16T02:44:38+00:00	rocm-smi	||============================ ROCm System Management Interface ============================|====================================== Temperature =======================================|GPU[0]  : Temperature (Sensor junction) (C): 46.0|GPU[0]  : Temperature (Sensor memory) (C): 39.0|==========================================================================================|=================================== Power Consumption ====================================|GPU[0]  : Current Socket Graphics Package Power (W): 196.0|==========================================================================================|=================================== % time GPU is busy ===================================|GPU[0]  : GPU use (%): 0|==========================================================================================|================================== Memory Usage (Bytes) ==================================|GPU[0]  : VRAM Total Memory (B): 205822885888|GPU[0]  : VRAM Total Used Memory (B): 65274101760|==========================================================================================|================================== End of ROCm SMI Log ===================================|
2026-08-16T02:44:43+00:00	rocm-smi	||============================ ROCm System Management Interface ============================|====================================== Temperature =======================================|GPU[0]  : Temperature (Sensor junction) (C): 45.0|GPU[0]  : Temperature (Sensor memory) (C): 42.0|==========================================================================================|=================================== Power Consumption ====================================|GPU[0]  : Current Socket Graphics Package Power (W): 424.0|==========================================================================================|=================================== % time GPU is busy ===================================|GPU[0]  : GPU use (%): 41|==========================================================================================|================================== Memory Usage (Bytes) ==================================|GPU[0]  : VRAM Total Memory (B): 205822885888|GPU[0]  : VRAM Total Used Memory (B): 66259955712|==========================================================================================|================================== End of ROCm SMI Log ===================================|
2026-08-16T02:44:48+00:00	rocm-smi	||============================ ROCm System Management Interface ============================|====================================== Temperature =======================================|GPU[0]  : Temperature (Sensor junction) (C): 46.0|GPU[0]  : Temperature (Sensor memory) (C): 43.0|==========================================================================================|=================================== Power Consumption ====================================|GPU[0]  : Current Socket Graphics Package Power (W): 409.0|==========================================================================================|=================================== % time GPU is busy ===================================|GPU[0]  : GPU use (%): 55|==========================================================================================|================================== Memory Usage (Bytes) ==================================|GPU[0]  : VRAM Total Memory (B): 205822885888|GPU[0]  : VRAM Total Used Memory (B): 164268040192|==========================================================================================|================================== End of ROCm SMI Log ===================================|
2026-08-16T02:44:53+00:00	rocm-smi	||============================ ROCm System Management Interface ============================|====================================== Temperature =======================================|GPU[0]  : Temperature (Sensor junction) (C): 46.0|GPU[0]  : Temperature (Sensor memory) (C): 40.0|==========================================================================================|=================================== Power Consumption ====================================|GPU[0]  : Current Socket Graphics Package Power (W): 239.0|==========================================================================================|=================================== % time GPU is busy ===================================|GPU[0]  : GPU use (%): 11|==========================================================================================|================================== Memory Usage (Bytes) ==================================|GPU[0]  : VRAM Total Memory (B): 205822885888|GPU[0]  : VRAM Total Used Memory (B): 164445978624|==========================================================================================|================================== End of ROCm SMI Log ===================================|
2026-08-16T02:44:58+00:00	rocm-smi	||============================ ROCm System Management Interface ============================|====================================== Temperature =======================================|GPU[0]  : Temperature (Sensor junction) (C): 46.0|GPU[0]  : Temperature (Sensor memory) (C): 40.0|==========================================================================================|=================================== Power Consumption ====================================|GPU[0]  : Current Socket Graphics Package Power (W): 258.0|==========================================================================================|=================================== % time GPU is busy ===================================|GPU[0]  : GPU use (%): 30|==========================================================================================|================================== Memory Usage (Bytes) ==================================|GPU[0]  : VRAM Total Memory (B): 205822885888|GPU[0]  : VRAM Total Used Memory (B): 164466229248|==========================================================================================|================================== End of ROCm SMI Log ===================================|
2026-08-16T02:45:03+00:00	rocm-smi	||============================ ROCm System Management Interface ============================|====================================== Temperature =======================================|GPU[0]  : Temperature (Sensor junction) (C): 45.0|GPU[0]  : Temperature (Sensor memory) (C): 39.0|==========================================================================================|=================================== Power Consumption ====================================|GPU[0]  : Current Socket Graphics Package Power (W): 196.0|==========================================================================================|=================================== % time GPU is busy ===================================|GPU[0]  : GPU use (%): 0|==========================================================================================|================================== Memory Usage (Bytes) ==================================|GPU[0]  : VRAM Total Memory (B): 205822885888|GPU[0]  : VRAM Total Used Memory (B): 166076846080|==========================================================================================|================================== End of ROCm SMI Log ===================================|
2026-08-16T02:45:08+00:00	rocm-smi	||============================ ROCm System Management Interface ============================|====================================== Temperature =======================================|GPU[0]  : Temperature (Sensor junction) (C): 45.0|GPU[0]  : Temperature (Sensor memory) (C): 40.0|==========================================================================================|=================================== Power Consumption ====================================|GPU[0]  : Current Socket Graphics Package Power (W): 294.0|==========================================================================================|=================================== % time GPU is busy ===================================|GPU[0]  : GPU use (%): 12|==========================================================================================|================================== Memory Usage (Bytes) ==================================|GPU[0]  : VRAM Total Memory (B): 205822885888|GPU[0]  : VRAM Total Used Memory (B): 166274424832|==========================================================================================|================================== End of ROCm SMI Log ===================================|
2026-08-16T02:45:13+00:00	rocm-smi	||============================ ROCm System Management Interface ============================|====================================== Temperature =======================================|GPU[0]  : Temperature (Sensor junction) (C): 46.0|GPU[0]  : Temperature (Sensor memory) (C): 40.0|==========================================================================================|=================================== Power Consumption ====================================|GPU[0]  : Current Socket Graphics Package Power (W): 209.0|==========================================================================================|=================================== % time GPU is busy ===================================|GPU[0]  : GPU use (%): 0|==========================================================================================|================================== Memory Usage (Bytes) ==================================|GPU[0]  : VRAM Total Memory (B): 205822885888|GPU[0]  : VRAM Total Used Memory (B): 67518574592|==========================================================================================|================================== End of ROCm SMI Log ===================================|
2026-08-16T02:45:19+00:00	rocm-smi	||============================ ROCm System Management Interface ============================|====================================== Temperature =======================================|GPU[0]  : Temperature (Sensor junction) (C): 45.0|GPU[0]  : Temperature (Sensor memory) (C): 38.0|==========================================================================================|=================================== Power Consumption ====================================|GPU[0]  : Current Socket Graphics Package Power (W): 160.0|==========================================================================================|=================================== % time GPU is busy ===================================|GPU[0]  : GPU use (%): 0|==========================================================================================|================================== Memory Usage (Bytes) ==================================|GPU[0]  : VRAM Total Memory (B): 205822885888|GPU[0]  : VRAM Total Used Memory (B): 299687936|==========================================================================================|================================== End of ROCm SMI Log ===================================|
2026-08-16T02:45:24+00:00	rocm-smi	||============================ ROCm System Management Interface ============================|====================================== Temperature =======================================|GPU[0]  : Temperature (Sensor junction) (C): 44.0|GPU[0]  : Temperature (Sensor memory) (C): 38.0|==========================================================================================|=================================== Power Consumption ====================================|GPU[0]  : Current Socket Graphics Package Power (W): 159.0|==========================================================================================|=================================== % time GPU is busy ===================================|GPU[0]  : GPU use (%): 0|==========================================================================================|================================== Memory Usage (Bytes) ==================================|GPU[0]  : VRAM Total Memory (B): 205822885888|GPU[0]  : VRAM Total Used Memory (B): 299687936|==========================================================================================|================================== End of ROCm SMI Log ===================================|
2026-08-16T02:45:29+00:00	rocm-smi	||============================ ROCm System Management Interface ============================|====================================== Temperature =======================================|GPU[0]  : Temperature (Sensor junction) (C): 44.0|GPU[0]  : Temperature (Sensor memory) (C): 38.0|==========================================================================================|=================================== Power Consumption ====================================|GPU[0]  : Current Socket Graphics Package Power (W): 159.0|==========================================================================================|=================================== % time GPU is busy ===================================|GPU[0]  : GPU use (%): 0|==========================================================================================|================================== Memory Usage (Bytes) ==================================|GPU[0]  : VRAM Total Memory (B): 205822885888|GPU[0]  : VRAM Total Used Memory (B): 299687936|==========================================================================================|================================== End of ROCm SMI Log ===================================|
2026-08-16T02:45:34+00:00	rocm-smi	||============================ ROCm System Management Interface ============================|====================================== Temperature =======================================|GPU[0]  : Temperature (Sensor junction) (C): 44.0|GPU[0]  : Temperature (Sensor memory) (C): 38.0|==========================================================================================|=================================== Power Consumption ====================================|GPU[0]  : Current Socket Graphics Package Power (W): 158.0|==========================================================================================|=================================== % time GPU is busy ===================================|GPU[0]  : GPU use (%): 0|==========================================================================================|================================== Memory Usage (Bytes) ==================================|GPU[0]  : VRAM Total Memory (B): 205822885888|GPU[0]  : VRAM Total Used Memory (B): 299687936|==========================================================================================|================================== End of ROCm SMI Log ===================================|
2026-08-16T02:45:39+00:00	rocm-smi	||============================ ROCm System Management Interface ============================|====================================== Temperature =======================================|GPU[0]  : Temperature (Sensor junction) (C): 44.0|GPU[0]  : Temperature (Sensor memory) (C): 37.0|==========================================================================================|=================================== Power Consumption ====================================|GPU[0]  : Current Socket Graphics Package Power (W): 159.0|==========================================================================================|=================================== % time GPU is busy ===================================|GPU[0]  : GPU use (%): 0|==========================================================================================|================================== Memory Usage (Bytes) ==================================|GPU[0]  : VRAM Total Memory (B): 205822885888|GPU[0]  : VRAM Total Used Memory (B): 299687936|==========================================================================================|================================== End of ROCm SMI Log ===================================|
2026-08-16T02:45:44+00:00	rocm-smi	||============================ ROCm System Management Interface ============================|====================================== Temperature =======================================|GPU[0]  : Temperature (Sensor junction) (C): 44.0|GPU[0]  : Temperature (Sensor memory) (C): 37.0|==========================================================================================|=================================== Power Consumption ====================================|GPU[0]  : Current Socket Graphics Package Power (W): 159.0|==========================================================================================|=================================== % time GPU is busy ===================================|GPU[0]  : GPU use (%): 0|==========================================================================================|================================== Memory Usage (Bytes) ==================================|GPU[0]  : VRAM Total Memory (B): 205822885888|GPU[0]  : VRAM Total Used Memory (B): 299687936|==========================================================================================|================================== End of ROCm SMI Log ===================================|
2026-08-16T02:45:49+00:00	rocm-smi	||============================ ROCm System Management Interface ============================|====================================== Temperature =======================================|GPU[0]  : Temperature (Sensor junction) (C): 44.0|GPU[0]  : Temperature (Sensor memory) (C): 37.0|==========================================================================================|=================================== Power Consumption ====================================|GPU[0]  : Current Socket Graphics Package Power (W): 159.0|==========================================================================================|=================================== % time GPU is busy ===================================|GPU[0]  : GPU use (%): 0|==========================================================================================|================================== Memory Usage (Bytes) ==================================|GPU[0]  : VRAM Total Memory (B): 205822885888|GPU[0]  : VRAM Total Used Memory (B): 299687936|==========================================================================================|================================== End of ROCm SMI Log ===================================|
2026-08-16T02:45:54+00:00	rocm-smi	||============================ ROCm System Management Interface ============================|====================================== Temperature =======================================|GPU[0]  : Temperature (Sensor junction) (C): 44.0|GPU[0]  : Temperature (Sensor memory) (C): 37.0|==========================================================================================|=================================== Power Consumption ====================================|GPU[0]  : Current Socket Graphics Package Power (W): 159.0|==========================================================================================|=================================== % time GPU is busy ===================================|GPU[0]  : GPU use (%): 0|==========================================================================================|================================== Memory Usage (Bytes) ==================================|GPU[0]  : VRAM Total Memory (B): 205822885888|GPU[0]  : VRAM Total Used Memory (B): 299687936|==========================================================================================|================================== End of ROCm SMI Log ===================================|
2026-08-16T02:45:59+00:00	rocm-smi	||============================ ROCm System Management Interface ============================|====================================== Temperature =======================================|GPU[0]  : Temperature (Sensor junction) (C): 44.0|GPU[0]  : Temperature (Sensor memory) (C): 37.0|==========================================================================================|=================================== Power Consumption ====================================|GPU[0]  : Current Socket Graphics Package Power (W): 159.0|==========================================================================================|=================================== % time GPU is busy ===================================|GPU[0]  : GPU use (%): 0|==========================================================================================|================================== Memory Usage (Bytes) ==================================|GPU[0]  : VRAM Total Memory (B): 205822885888|GPU[0]  : VRAM Total Used Memory (B): 299753472|==========================================================================================|================================== End of ROCm SMI Log ===================================|
2026-08-16T02:46:04+00:00	rocm-smi	||============================ ROCm System Management Interface ============================|====================================== Temperature =======================================|GPU[0]  : Temperature (Sensor junction) (C): 44.0|GPU[0]  : Temperature (Sensor memory) (C): 37.0|==========================================================================================|=================================== Power Consumption ====================================|GPU[0]  : Current Socket Graphics Package Power (W): 158.0|==========================================================================================|=================================== % time GPU is busy ===================================|GPU[0]  : GPU use (%): 0|==========================================================================================|================================== Memory Usage (Bytes) ==================================|GPU[0]  : VRAM Total Memory (B): 205822885888|GPU[0]  : VRAM Total Used Memory (B): 299753472|==========================================================================================|================================== End of ROCm SMI Log ===================================|
2026-08-16T02:46:10+00:00	rocm-smi	||============================ ROCm System Management Interface ============================|====================================== Temperature =======================================|GPU[0]  : Temperature (Sensor junction) (C): 44.0|GPU[0]  : Temperature (Sensor memory) (C): 37.0|==========================================================================================|=================================== Power Consumption ====================================|GPU[0]  : Current Socket Graphics Package Power (W): 159.0|==========================================================================================|=================================== % time GPU is busy ===================================|GPU[0]  : GPU use (%): 0|==========================================================================================|================================== Memory Usage (Bytes) ==================================|GPU[0]  : VRAM Total Memory (B): 205822885888|GPU[0]  : VRAM Total Used Memory (B): 299753472|==========================================================================================|================================== End of ROCm SMI Log ===================================|
2026-08-16T02:46:15+00:00	rocm-smi	||============================ ROCm System Management Interface ============================|====================================== Temperature =======================================|GPU[0]  : Temperature (Sensor junction) (C): 44.0|GPU[0]  : Temperature (Sensor memory) (C): 38.0|==========================================================================================|=================================== Power Consumption ====================================|GPU[0]  : Current Socket Graphics Package Power (W): 208.0|==========================================================================================|=================================== % time GPU is busy ===================================|GPU[0]  : GPU use (%): 1|==========================================================================================|================================== Memory Usage (Bytes) ==================================|GPU[0]  : VRAM Total Memory (B): 205822885888|GPU[0]  : VRAM Total Used Memory (B): 64161017856|==========================================================================================|================================== End of ROCm SMI Log ===================================|
2026-08-16T02:46:20+00:00	rocm-smi	||============================ ROCm System Management Interface ============================|====================================== Temperature =======================================|GPU[0]  : Temperature (Sensor junction) (C): 45.0|GPU[0]  : Temperature (Sensor memory) (C): 38.0|==========================================================================================|=================================== Power Consumption ====================================|GPU[0]  : Current Socket Graphics Package Power (W): 203.0|==========================================================================================|=================================== % time GPU is busy ===================================|GPU[0]  : GPU use (%): 0|==========================================================================================|================================== Memory Usage (Bytes) ==================================|GPU[0]  : VRAM Total Memory (B): 205822885888|GPU[0]  : VRAM Total Used Memory (B): 64378068992|==========================================================================================|================================== End of ROCm SMI Log ===================================|
2026-08-16T02:46:25+00:00	rocm-smi	||============================ ROCm System Management Interface ============================|====================================== Temperature =======================================|GPU[0]  : Temperature (Sensor junction) (C): 45.0|GPU[0]  : Temperature (Sensor memory) (C): 38.0|==========================================================================================|=================================== Power Consumption ====================================|GPU[0]  : Current Socket Graphics Package Power (W): 208.0|==========================================================================================|=================================== % time GPU is busy ===================================|GPU[0]  : GPU use (%): 3|==========================================================================================|================================== Memory Usage (Bytes) ==================================|GPU[0]  : VRAM Total Memory (B): 205822885888|GPU[0]  : VRAM Total Used Memory (B): 64378458112|==========================================================================================|================================== End of ROCm SMI Log ===================================|
2026-08-16T02:46:30+00:00	rocm-smi	||============================ ROCm System Management Interface ============================|====================================== Temperature =======================================|GPU[0]  : Temperature (Sensor junction) (C): 45.0|GPU[0]  : Temperature (Sensor memory) (C): 38.0|==========================================================================================|=================================== Power Consumption ====================================|GPU[0]  : Current Socket Graphics Package Power (W): 196.0|==========================================================================================|=================================== % time GPU is busy ===================================|GPU[0]  : GPU use (%): 1|==========================================================================================|================================== Memory Usage (Bytes) ==================================|GPU[0]  : VRAM Total Memory (B): 205822885888|GPU[0]  : VRAM Total Used Memory (B): 64378458112|==========================================================================================|================================== End of ROCm SMI Log ===================================|
2026-08-16T02:46:35+00:00	rocm-smi	||============================ ROCm System Management Interface ============================|====================================== Temperature =======================================|GPU[0]  : Temperature (Sensor junction) (C): 45.0|GPU[0]  : Temperature (Sensor memory) (C): 38.0|==========================================================================================|=================================== Power Consumption ====================================|GPU[0]  : Current Socket Graphics Package Power (W): 197.0|==========================================================================================|=================================== % time GPU is busy ===================================|GPU[0]  : GPU use (%): 1|==========================================================================================|================================== Memory Usage (Bytes) ==================================|GPU[0]  : VRAM Total Memory (B): 205822885888|GPU[0]  : VRAM Total Used Memory (B): 64387850240|==========================================================================================|================================== End of ROCm SMI Log ===================================|
2026-08-16T02:46:40+00:00	rocm-smi	||============================ ROCm System Management Interface ============================|====================================== Temperature =======================================|GPU[0]  : Temperature (Sensor junction) (C): 45.0|GPU[0]  : Temperature (Sensor memory) (C): 38.0|==========================================================================================|=================================== Power Consumption ====================================|GPU[0]  : Current Socket Graphics Package Power (W): 205.0|==========================================================================================|=================================== % time GPU is busy ===================================|GPU[0]  : GPU use (%): 1|==========================================================================================|================================== Memory Usage (Bytes) ==================================|GPU[0]  : VRAM Total Memory (B): 205822885888|GPU[0]  : VRAM Total Used Memory (B): 64390914048|==========================================================================================|================================== End of ROCm SMI Log ===================================|
2026-08-16T02:46:45+00:00	rocm-smi	||============================ ROCm System Management Interface ============================|====================================== Temperature =======================================|GPU[0]  : Temperature (Sensor junction) (C): 45.0|GPU[0]  : Temperature (Sensor memory) (C): 39.0|==========================================================================================|=================================== Power Consumption ====================================|GPU[0]  : Current Socket Graphics Package Power (W): 245.0|==========================================================================================|=================================== % time GPU is busy ===================================|GPU[0]  : GPU use (%): 7|==========================================================================================|================================== Memory Usage (Bytes) ==================================|GPU[0]  : VRAM Total Memory (B): 205822885888|GPU[0]  : VRAM Total Used Memory (B): 65184251904|==========================================================================================|================================== End of ROCm SMI Log ===================================|
2026-08-16T02:46:50+00:00	rocm-smi	||============================ ROCm System Management Interface ============================|====================================== Temperature =======================================|GPU[0]  : Temperature (Sensor junction) (C): 46.0|GPU[0]  : Temperature (Sensor memory) (C): 48.0|==========================================================================================|=================================== Power Consumption ====================================|GPU[0]  : Current Socket Graphics Package Power (W): 456.0|==========================================================================================|=================================== % time GPU is busy ===================================|GPU[0]  : GPU use (%): 48|==========================================================================================|================================== Memory Usage (Bytes) ==================================|GPU[0]  : VRAM Total Memory (B): 205822885888|GPU[0]  : VRAM Total Used Memory (B): 65308774400|==========================================================================================|================================== End of ROCm SMI Log ===================================|
2026-08-16T02:46:56+00:00	rocm-smi	||============================ ROCm System Management Interface ============================|====================================== Temperature =======================================|GPU[0]  : Temperature (Sensor junction) (C): 46.0|GPU[0]  : Temperature (Sensor memory) (C): 39.0|==========================================================================================|=================================== Power Consumption ====================================|GPU[0]  : Current Socket Graphics Package Power (W): 212.0|==========================================================================================|=================================== % time GPU is busy ===================================|GPU[0]  : GPU use (%): 2|==========================================================================================|================================== Memory Usage (Bytes) ==================================|GPU[0]  : VRAM Total Memory (B): 205822885888|GPU[0]  : VRAM Total Used Memory (B): 65309020160|==========================================================================================|================================== End of ROCm SMI Log ===================================|
2026-08-16T02:47:01+00:00	rocm-smi	||============================ ROCm System Management Interface ============================|====================================== Temperature =======================================|GPU[0]  : Temperature (Sensor junction) (C): 47.0|GPU[0]  : Temperature (Sensor memory) (C): 47.0|==========================================================================================|=================================== Power Consumption ====================================|GPU[0]  : Current Socket Graphics Package Power (W): 396.0|==========================================================================================|=================================== % time GPU is busy ===================================|GPU[0]  : GPU use (%): 36|==========================================================================================|================================== Memory Usage (Bytes) ==================================|GPU[0]  : VRAM Total Memory (B): 205822885888|GPU[0]  : VRAM Total Used Memory (B): 65309335552|==========================================================================================|================================== End of ROCm SMI Log ===================================|
2026-08-16T02:47:06+00:00	rocm-smi	||============================ ROCm System Management Interface ============================|====================================== Temperature =======================================|GPU[0]  : Temperature (Sensor junction) (C): 46.0|GPU[0]  : Temperature (Sensor memory) (C): 40.0|==========================================================================================|=================================== Power Consumption ====================================|GPU[0]  : Current Socket Graphics Package Power (W): 223.0|==========================================================================================|=================================== % time GPU is busy ===================================|GPU[0]  : GPU use (%): 4|==========================================================================================|================================== Memory Usage (Bytes) ==================================|GPU[0]  : VRAM Total Memory (B): 205822885888|GPU[0]  : VRAM Total Used Memory (B): 65309589504|==========================================================================================|================================== End of ROCm SMI Log ===================================|
2026-08-16T02:47:11+00:00	rocm-smi	||============================ ROCm System Management Interface ============================|====================================== Temperature =======================================|GPU[0]  : Temperature (Sensor junction) (C): 46.0|GPU[0]  : Temperature (Sensor memory) (C): 39.0|==========================================================================================|=================================== Power Consumption ====================================|GPU[0]  : Current Socket Graphics Package Power (W): 206.0|==========================================================================================|=================================== % time GPU is busy ===================================|GPU[0]  : GPU use (%): 11|==========================================================================================|================================== Memory Usage (Bytes) ==================================|GPU[0]  : VRAM Total Memory (B): 205822885888|GPU[0]  : VRAM Total Used Memory (B): 65309769728|==========================================================================================|================================== End of ROCm SMI Log ===================================|
2026-08-16T02:47:16+00:00	rocm-smi	||============================ ROCm System Management Interface ============================|====================================== Temperature =======================================|GPU[0]  : Temperature (Sensor junction) (C): 47.0|GPU[0]  : Temperature (Sensor memory) (C): 41.0|==========================================================================================|=================================== Power Consumption ====================================|GPU[0]  : Current Socket Graphics Package Power (W): 248.0|==========================================================================================|=================================== % time GPU is busy ===================================|GPU[0]  : GPU use (%): 8|==========================================================================================|================================== Memory Usage (Bytes) ==================================|GPU[0]  : VRAM Total Memory (B): 205822885888|GPU[0]  : VRAM Total Used Memory (B): 65317654528|==========================================================================================|================================== End of ROCm SMI Log ===================================|
2026-08-16T02:47:21+00:00	rocm-smi	||============================ ROCm System Management Interface ============================|====================================== Temperature =======================================|GPU[0]  : Temperature (Sensor junction) (C): 46.0|GPU[0]  : Temperature (Sensor memory) (C): 39.0|==========================================================================================|=================================== Power Consumption ====================================|GPU[0]  : Current Socket Graphics Package Power (W): 197.0|==========================================================================================|=================================== % time GPU is busy ===================================|GPU[0]  : GPU use (%): 0|==========================================================================================|================================== Memory Usage (Bytes) ==================================|GPU[0]  : VRAM Total Memory (B): 205822885888|GPU[0]  : VRAM Total Used Memory (B): 65317871616|==========================================================================================|================================== End of ROCm SMI Log ===================================|
2026-08-16T02:47:26+00:00	rocm-smi	||============================ ROCm System Management Interface ============================|====================================== Temperature =======================================|GPU[0]  : Temperature (Sensor junction) (C): 46.0|GPU[0]  : Temperature (Sensor memory) (C): 39.0|==========================================================================================|=================================== Power Consumption ====================================|GPU[0]  : Current Socket Graphics Package Power (W): 199.0|==========================================================================================|=================================== % time GPU is busy ===================================|GPU[0]  : GPU use (%): 0|==========================================================================================|================================== Memory Usage (Bytes) ==================================|GPU[0]  : VRAM Total Memory (B): 205822885888|GPU[0]  : VRAM Total Used Memory (B): 65318035456|==========================================================================================|================================== End of ROCm SMI Log ===================================|
2026-08-16T02:47:31+00:00	rocm-smi	||============================ ROCm System Management Interface ============================|====================================== Temperature =======================================|GPU[0]  : Temperature (Sensor junction) (C): 46.0|GPU[0]  : Temperature (Sensor memory) (C): 39.0|==========================================================================================|=================================== Power Consumption ====================================|GPU[0]  : Current Socket Graphics Package Power (W): 196.0|==========================================================================================|=================================== % time GPU is busy ===================================|GPU[0]  : GPU use (%): 0|==========================================================================================|================================== Memory Usage (Bytes) ==================================|GPU[0]  : VRAM Total Memory (B): 205822885888|GPU[0]  : VRAM Total Used Memory (B): 65318150144|==========================================================================================|================================== End of ROCm SMI Log ===================================|
2026-08-16T02:47:36+00:00	rocm-smi	||============================ ROCm System Management Interface ============================|====================================== Temperature =======================================|GPU[0]  : Temperature (Sensor junction) (C): 46.0|GPU[0]  : Temperature (Sensor memory) (C): 39.0|==========================================================================================|=================================== Power Consumption ====================================|GPU[0]  : Current Socket Graphics Package Power (W): 196.0|==========================================================================================|=================================== % time GPU is busy ===================================|GPU[0]  : GPU use (%): 0|==========================================================================================|================================== Memory Usage (Bytes) ==================================|GPU[0]  : VRAM Total Memory (B): 205822885888|GPU[0]  : VRAM Total Used Memory (B): 66574229504|==========================================================================================|================================== End of ROCm SMI Log ===================================|
2026-08-16T02:47:42+00:00	rocm-smi	||============================ ROCm System Management Interface ============================|====================================== Temperature =======================================|GPU[0]  : Temperature (Sensor junction) (C): 47.0|GPU[0]  : Temperature (Sensor memory) (C): 40.0|==========================================================================================|=================================== Power Consumption ====================================|GPU[0]  : Current Socket Graphics Package Power (W): 262.0|==========================================================================================|=================================== % time GPU is busy ===================================|GPU[0]  : GPU use (%): 26|==========================================================================================|================================== Memory Usage (Bytes) ==================================|GPU[0]  : VRAM Total Memory (B): 205822885888|GPU[0]  : VRAM Total Used Memory (B): 164379947008|==========================================================================================|================================== End of ROCm SMI Log ===================================|
2026-08-16T02:47:47+00:00	rocm-smi	||============================ ROCm System Management Interface ============================|====================================== Temperature =======================================|GPU[0]  : Temperature (Sensor junction) (C): 47.0|GPU[0]  : Temperature (Sensor memory) (C): 41.0|==========================================================================================|=================================== Power Consumption ====================================|GPU[0]  : Current Socket Graphics Package Power (W): 386.0|==========================================================================================|=================================== % time GPU is busy ===================================|GPU[0]  : GPU use (%): 58|==========================================================================================|================================== Memory Usage (Bytes) ==================================|GPU[0]  : VRAM Total Memory (B): 205822885888|GPU[0]  : VRAM Total Used Memory (B): 164496924672|==========================================================================================|================================== End of ROCm SMI Log ===================================|
2026-08-16T02:47:52+00:00	rocm-smi	||============================ ROCm System Management Interface ============================|====================================== Temperature =======================================|GPU[0]  : Temperature (Sensor junction) (C): 46.0|GPU[0]  : Temperature (Sensor memory) (C): 40.0|==========================================================================================|=================================== Power Consumption ====================================|GPU[0]  : Current Socket Graphics Package Power (W): 196.0|==========================================================================================|=================================== % time GPU is busy ===================================|GPU[0]  : GPU use (%): 0|==========================================================================================|================================== Memory Usage (Bytes) ==================================|GPU[0]  : VRAM Total Memory (B): 205822885888|GPU[0]  : VRAM Total Used Memory (B): 166076866560|==========================================================================================|================================== End of ROCm SMI Log ===================================|
2026-08-16T02:47:57+00:00	rocm-smi	||============================ ROCm System Management Interface ============================|====================================== Temperature =======================================|GPU[0]  : Temperature (Sensor junction) (C): 46.0|GPU[0]  : Temperature (Sensor memory) (C): 39.0|==========================================================================================|=================================== Power Consumption ====================================|GPU[0]  : Current Socket Graphics Package Power (W): 196.0|==========================================================================================|=================================== % time GPU is busy ===================================|GPU[0]  : GPU use (%): 0|==========================================================================================|================================== Memory Usage (Bytes) ==================================|GPU[0]  : VRAM Total Memory (B): 205822885888|GPU[0]  : VRAM Total Used Memory (B): 166076866560|==========================================================================================|================================== End of ROCm SMI Log ===================================|
2026-08-16T02:48:02+00:00	rocm-smi	||============================ ROCm System Management Interface ============================|====================================== Temperature =======================================|GPU[0]  : Temperature (Sensor junction) (C): 57.0|GPU[0]  : Temperature (Sensor memory) (C): 43.0|==========================================================================================|=================================== Power Consumption ====================================|GPU[0]  : Current Socket Graphics Package Power (W): 739.0|==========================================================================================|=================================== % time GPU is busy ===================================|GPU[0]  : GPU use (%): 100|==========================================================================================|================================== Memory Usage (Bytes) ==================================|GPU[0]  : VRAM Total Memory (B): 205822885888|GPU[0]  : VRAM Total Used Memory (B): 166272352256|==========================================================================================|================================== End of ROCm SMI Log ===================================|
2026-08-16T02:48:07+00:00	rocm-smi	||============================ ROCm System Management Interface ============================|====================================== Temperature =======================================|GPU[0]  : Temperature (Sensor junction) (C): 47.0|GPU[0]  : Temperature (Sensor memory) (C): 41.0|==========================================================================================|=================================== Power Consumption ====================================|GPU[0]  : Current Socket Graphics Package Power (W): 211.0|==========================================================================================|=================================== % time GPU is busy ===================================|GPU[0]  : GPU use (%): 0|==========================================================================================|================================== Memory Usage (Bytes) ==================================|GPU[0]  : VRAM Total Memory (B): 205822885888|GPU[0]  : VRAM Total Used Memory (B): 34897334272|==========================================================================================|================================== End of ROCm SMI Log ===================================|
2026-08-16T02:48:12+00:00	rocm-smi	||============================ ROCm System Management Interface ============================|====================================== Temperature =======================================|GPU[0]  : Temperature (Sensor junction) (C): 46.0|GPU[0]  : Temperature (Sensor memory) (C): 39.0|==========================================================================================|=================================== Power Consumption ====================================|GPU[0]  : Current Socket Graphics Package Power (W): 160.0|==========================================================================================|=================================== % time GPU is busy ===================================|GPU[0]  : GPU use (%): 0|==========================================================================================|================================== Memory Usage (Bytes) ==================================|GPU[0]  : VRAM Total Memory (B): 205822885888|GPU[0]  : VRAM Total Used Memory (B): 299687936|==========================================================================================|================================== End of ROCm SMI Log ===================================|
2026-08-16T02:48:17+00:00	rocm-smi	||============================ ROCm System Management Interface ============================|====================================== Temperature =======================================|GPU[0]  : Temperature (Sensor junction) (C): 45.0|GPU[0]  : Temperature (Sensor memory) (C): 39.0|==========================================================================================|=================================== Power Consumption ====================================|GPU[0]  : Current Socket Graphics Package Power (W): 161.0|==========================================================================================|=================================== % time GPU is busy ===================================|GPU[0]  : GPU use (%): 0|==========================================================================================|================================== Memory Usage (Bytes) ==================================|GPU[0]  : VRAM Total Memory (B): 205822885888|GPU[0]  : VRAM Total Used Memory (B): 299687936|==========================================================================================|================================== End of ROCm SMI Log ===================================|
2026-08-16T02:48:22+00:00	rocm-smi	||============================ ROCm System Management Interface ============================|====================================== Temperature =======================================|GPU[0]  : Temperature (Sensor junction) (C): 45.0|GPU[0]  : Temperature (Sensor memory) (C): 39.0|==========================================================================================|=================================== Power Consumption ====================================|GPU[0]  : Current Socket Graphics Package Power (W): 160.0|==========================================================================================|=================================== % time GPU is busy ===================================|GPU[0]  : GPU use (%): 0|==========================================================================================|================================== Memory Usage (Bytes) ==================================|GPU[0]  : VRAM Total Memory (B): 205822885888|GPU[0]  : VRAM Total Used Memory (B): 299687936|==========================================================================================|================================== End of ROCm SMI Log ===================================|
2026-08-16T02:48:28+00:00	rocm-smi	||============================ ROCm System Management Interface ============================|====================================== Temperature =======================================|GPU[0]  : Temperature (Sensor junction) (C): 45.0|GPU[0]  : Temperature (Sensor memory) (C): 38.0|==========================================================================================|=================================== Power Consumption ====================================|GPU[0]  : Current Socket Graphics Package Power (W): 159.0|==========================================================================================|=================================== % time GPU is busy ===================================|GPU[0]  : GPU use (%): 0|==========================================================================================|================================== Memory Usage (Bytes) ==================================|GPU[0]  : VRAM Total Memory (B): 205822885888|GPU[0]  : VRAM Total Used Memory (B): 299687936|==========================================================================================|================================== End of ROCm SMI Log ===================================|
2026-08-16T02:48:33+00:00	rocm-smi	||============================ ROCm System Management Interface ============================|====================================== Temperature =======================================|GPU[0]  : Temperature (Sensor junction) (C): 45.0|GPU[0]  : Temperature (Sensor memory) (C): 38.0|==========================================================================================|=================================== Power Consumption ====================================|GPU[0]  : Current Socket Graphics Package Power (W): 159.0|==========================================================================================|=================================== % time GPU is busy ===================================|GPU[0]  : GPU use (%): 0|==========================================================================================|================================== Memory Usage (Bytes) ==================================|GPU[0]  : VRAM Total Memory (B): 205822885888|GPU[0]  : VRAM Total Used Memory (B): 299687936|==========================================================================================|================================== End of ROCm SMI Log ===================================|
2026-08-16T02:48:38+00:00	rocm-smi	||============================ ROCm System Management Interface ============================|====================================== Temperature =======================================|GPU[0]  : Temperature (Sensor junction) (C): 45.0|GPU[0]  : Temperature (Sensor memory) (C): 38.0|==========================================================================================|=================================== Power Consumption ====================================|GPU[0]  : Current Socket Graphics Package Power (W): 160.0|==========================================================================================|=================================== % time GPU is busy ===================================|GPU[0]  : GPU use (%): 0|==========================================================================================|================================== Memory Usage (Bytes) ==================================|GPU[0]  : VRAM Total Memory (B): 205822885888|GPU[0]  : VRAM Total Used Memory (B): 299687936|==========================================================================================|================================== End of ROCm SMI Log ===================================|
2026-08-16T02:48:43+00:00	rocm-smi	||============================ ROCm System Management Interface ============================|====================================== Temperature =======================================|GPU[0]  : Temperature (Sensor junction) (C): 45.0|GPU[0]  : Temperature (Sensor memory) (C): 38.0|==========================================================================================|=================================== Power Consumption ====================================|GPU[0]  : Current Socket Graphics Package Power (W): 160.0|==========================================================================================|=================================== % time GPU is busy ===================================|GPU[0]  : GPU use (%): 0|==========================================================================================|================================== Memory Usage (Bytes) ==================================|GPU[0]  : VRAM Total Memory (B): 205822885888|GPU[0]  : VRAM Total Used Memory (B): 299687936|==========================================================================================|================================== End of ROCm SMI Log ===================================|
2026-08-16T02:48:48+00:00	rocm-smi	||============================ ROCm System Management Interface ============================|====================================== Temperature =======================================|GPU[0]  : Temperature (Sensor junction) (C): 45.0|GPU[0]  : Temperature (Sensor memory) (C): 38.0|==========================================================================================|=================================== Power Consumption ====================================|GPU[0]  : Current Socket Graphics Package Power (W): 161.0|==========================================================================================|=================================== % time GPU is busy ===================================|GPU[0]  : GPU use (%): 0|==========================================================================================|================================== Memory Usage (Bytes) ==================================|GPU[0]  : VRAM Total Memory (B): 205822885888|GPU[0]  : VRAM Total Used Memory (B): 299753472|==========================================================================================|================================== End of ROCm SMI Log ===================================|
2026-08-16T02:48:53+00:00	rocm-smi	||============================ ROCm System Management Interface ============================|====================================== Temperature =======================================|GPU[0]  : Temperature (Sensor junction) (C): 45.0|GPU[0]  : Temperature (Sensor memory) (C): 38.0|==========================================================================================|=================================== Power Consumption ====================================|GPU[0]  : Current Socket Graphics Package Power (W): 160.0|==========================================================================================|=================================== % time GPU is busy ===================================|GPU[0]  : GPU use (%): 0|==========================================================================================|================================== Memory Usage (Bytes) ==================================|GPU[0]  : VRAM Total Memory (B): 205822885888|GPU[0]  : VRAM Total Used Memory (B): 299753472|==========================================================================================|================================== End of ROCm SMI Log ===================================|
2026-08-16T02:48:58+00:00	rocm-smi	||============================ ROCm System Management Interface ============================|====================================== Temperature =======================================|GPU[0]  : Temperature (Sensor junction) (C): 45.0|GPU[0]  : Temperature (Sensor memory) (C): 38.0|==========================================================================================|=================================== Power Consumption ====================================|GPU[0]  : Current Socket Graphics Package Power (W): 159.0|==========================================================================================|=================================== % time GPU is busy ===================================|GPU[0]  : GPU use (%): 0|==========================================================================================|================================== Memory Usage (Bytes) ==================================|GPU[0]  : VRAM Total Memory (B): 205822885888|GPU[0]  : VRAM Total Used Memory (B): 299753472|==========================================================================================|================================== End of ROCm SMI Log ===================================|
2026-08-16T02:49:03+00:00	rocm-smi	||============================ ROCm System Management Interface ============================|====================================== Temperature =======================================|GPU[0]  : Temperature (Sensor junction) (C): 45.0|GPU[0]  : Temperature (Sensor memory) (C): 38.0|==========================================================================================|=================================== Power Consumption ====================================|GPU[0]  : Current Socket Graphics Package Power (W): 160.0|==========================================================================================|=================================== % time GPU is busy ===================================|GPU[0]  : GPU use (%): 0|==========================================================================================|================================== Memory Usage (Bytes) ==================================|GPU[0]  : VRAM Total Memory (B): 205822885888|GPU[0]  : VRAM Total Used Memory (B): 299753472|==========================================================================================|================================== End of ROCm SMI Log ===================================|
2026-08-16T02:49:08+00:00	rocm-smi	||============================ ROCm System Management Interface ============================|====================================== Temperature =======================================|GPU[0]  : Temperature (Sensor junction) (C): 45.0|GPU[0]  : Temperature (Sensor memory) (C): 39.0|==========================================================================================|=================================== Power Consumption ====================================|GPU[0]  : Current Socket Graphics Package Power (W): 241.0|==========================================================================================|=================================== % time GPU is busy ===================================|GPU[0]  : GPU use (%): 2|==========================================================================================|================================== Memory Usage (Bytes) ==================================|GPU[0]  : VRAM Total Memory (B): 205822885888|GPU[0]  : VRAM Total Used Memory (B): 64378372096|==========================================================================================|================================== End of ROCm SMI Log ===================================|
2026-08-16T02:49:13+00:00	rocm-smi	||============================ ROCm System Management Interface ============================|====================================== Temperature =======================================|GPU[0]  : Temperature (Sensor junction) (C): 46.0|GPU[0]  : Temperature (Sensor memory) (C): 40.0|==========================================================================================|=================================== Power Consumption ====================================|GPU[0]  : Current Socket Graphics Package Power (W): 240.0|==========================================================================================|=================================== % time GPU is busy ===================================|GPU[0]  : GPU use (%): 0|==========================================================================================|================================== Memory Usage (Bytes) ==================================|GPU[0]  : VRAM Total Memory (B): 205822885888|GPU[0]  : VRAM Total Used Memory (B): 64394854400|==========================================================================================|================================== End of ROCm SMI Log ===================================|
2026-08-16T02:49:19+00:00	rocm-smi	||============================ ROCm System Management Interface ============================|====================================== Temperature =======================================|GPU[0]  : Temperature (Sensor junction) (C): 46.0|GPU[0]  : Temperature (Sensor memory) (C): 39.0|==========================================================================================|=================================== Power Consumption ====================================|GPU[0]  : Current Socket Graphics Package Power (W): 197.0|==========================================================================================|=================================== % time GPU is busy ===================================|GPU[0]  : GPU use (%): 0|==========================================================================================|================================== Memory Usage (Bytes) ==================================|GPU[0]  : VRAM Total Memory (B): 205822885888|GPU[0]  : VRAM Total Used Memory (B): 64395247616|==========================================================================================|================================== End of ROCm SMI Log ===================================|
2026-08-16T02:49:24+00:00	rocm-smi	||============================ ROCm System Management Interface ============================|====================================== Temperature =======================================|GPU[0]  : Temperature (Sensor junction) (C): 46.0|GPU[0]  : Temperature (Sensor memory) (C): 39.0|==========================================================================================|=================================== Power Consumption ====================================|GPU[0]  : Current Socket Graphics Package Power (W): 217.0|==========================================================================================|=================================== % time GPU is busy ===================================|GPU[0]  : GPU use (%): 5|==========================================================================================|================================== Memory Usage (Bytes) ==================================|GPU[0]  : VRAM Total Memory (B): 205822885888|GPU[0]  : VRAM Total Used Memory (B): 64395264000|==========================================================================================|================================== End of ROCm SMI Log ===================================|
2026-08-16T02:49:29+00:00	rocm-smi	||============================ ROCm System Management Interface ============================|====================================== Temperature =======================================|GPU[0]  : Temperature (Sensor junction) (C): 46.0|GPU[0]  : Temperature (Sensor memory) (C): 40.0|==========================================================================================|=================================== Power Consumption ====================================|GPU[0]  : Current Socket Graphics Package Power (W): 240.0|==========================================================================================|=================================== % time GPU is busy ===================================|GPU[0]  : GPU use (%): 0|==========================================================================================|================================== Memory Usage (Bytes) ==================================|GPU[0]  : VRAM Total Memory (B): 205822885888|GPU[0]  : VRAM Total Used Memory (B): 64404643840|==========================================================================================|================================== End of ROCm SMI Log ===================================|
2026-08-16T02:49:34+00:00	rocm-smi	||============================ ROCm System Management Interface ============================|====================================== Temperature =======================================|GPU[0]  : Temperature (Sensor junction) (C): 46.0|GPU[0]  : Temperature (Sensor memory) (C): 39.0|==========================================================================================|=================================== Power Consumption ====================================|GPU[0]  : Current Socket Graphics Package Power (W): 196.0|==========================================================================================|=================================== % time GPU is busy ===================================|GPU[0]  : GPU use (%): 0|==========================================================================================|================================== Memory Usage (Bytes) ==================================|GPU[0]  : VRAM Total Memory (B): 205822885888|GPU[0]  : VRAM Total Used Memory (B): 64407707648|==========================================================================================|================================== End of ROCm SMI Log ===================================|
2026-08-16T02:49:39+00:00	rocm-smi	||============================ ROCm System Management Interface ============================|====================================== Temperature =======================================|GPU[0]  : Temperature (Sensor junction) (C): 46.0|GPU[0]  : Temperature (Sensor memory) (C): 39.0|==========================================================================================|=================================== Power Consumption ====================================|GPU[0]  : Current Socket Graphics Package Power (W): 198.0|==========================================================================================|=================================== % time GPU is busy ===================================|GPU[0]  : GPU use (%): 1|==========================================================================================|================================== Memory Usage (Bytes) ==================================|GPU[0]  : VRAM Total Memory (B): 205822885888|GPU[0]  : VRAM Total Used Memory (B): 65201115136|==========================================================================================|================================== End of ROCm SMI Log ===================================|
2026-08-16T02:49:44+00:00	rocm-smi	||============================ ROCm System Management Interface ============================|====================================== Temperature =======================================|GPU[0]  : Temperature (Sensor junction) (C): 47.0|GPU[0]  : Temperature (Sensor memory) (C): 41.0|==========================================================================================|=================================== Power Consumption ====================================|GPU[0]  : Current Socket Graphics Package Power (W): 271.0|==========================================================================================|=================================== % time GPU is busy ===================================|GPU[0]  : GPU use (%): 18|==========================================================================================|================================== Memory Usage (Bytes) ==================================|GPU[0]  : VRAM Total Memory (B): 205822885888|GPU[0]  : VRAM Total Used Memory (B): 65325629440|==========================================================================================|================================== End of ROCm SMI Log ===================================|
2026-08-16T02:49:49+00:00	rocm-smi	||============================ ROCm System Management Interface ============================|====================================== Temperature =======================================|GPU[0]  : Temperature (Sensor junction) (C): 47.0|GPU[0]  : Temperature (Sensor memory) (C): 41.0|==========================================================================================|=================================== Power Consumption ====================================|GPU[0]  : Current Socket Graphics Package Power (W): 276.0|==========================================================================================|=================================== % time GPU is busy ===================================|GPU[0]  : GPU use (%): 12|==========================================================================================|================================== Memory Usage (Bytes) ==================================|GPU[0]  : VRAM Total Memory (B): 205822885888|GPU[0]  : VRAM Total Used Memory (B): 65325858816|==========================================================================================|================================== End of ROCm SMI Log ===================================|
2026-08-16T02:49:54+00:00	rocm-smi	||============================ ROCm System Management Interface ============================|====================================== Temperature =======================================|GPU[0]  : Temperature (Sensor junction) (C): 48.0|GPU[0]  : Temperature (Sensor memory) (C): 47.0|==========================================================================================|=================================== Power Consumption ====================================|GPU[0]  : Current Socket Graphics Package Power (W): 491.0|==========================================================================================|=================================== % time GPU is busy ===================================|GPU[0]  : GPU use (%): 60|==========================================================================================|================================== Memory Usage (Bytes) ==================================|GPU[0]  : VRAM Total Memory (B): 205822885888|GPU[0]  : VRAM Total Used Memory (B): 65326170112|==========================================================================================|================================== End of ROCm SMI Log ===================================|
2026-08-16T02:49:59+00:00	rocm-smi	||============================ ROCm System Management Interface ============================|====================================== Temperature =======================================|GPU[0]  : Temperature (Sensor junction) (C): 47.0|GPU[0]  : Temperature (Sensor memory) (C): 40.0|==========================================================================================|=================================== Power Consumption ====================================|GPU[0]  : Current Socket Graphics Package Power (W): 197.0|==========================================================================================|=================================== % time GPU is busy ===================================|GPU[0]  : GPU use (%): 0|==========================================================================================|================================== Memory Usage (Bytes) ==================================|GPU[0]  : VRAM Total Memory (B): 205822885888|GPU[0]  : VRAM Total Used Memory (B): 65326379008|==========================================================================================|================================== End of ROCm SMI Log ===================================|
2026-08-16T02:50:05+00:00	rocm-smi	||============================ ROCm System Management Interface ============================|====================================== Temperature =======================================|GPU[0]  : Temperature (Sensor junction) (C): 47.0|GPU[0]  : Temperature (Sensor memory) (C): 43.0|==========================================================================================|=================================== Power Consumption ====================================|GPU[0]  : Current Socket Graphics Package Power (W): 343.0|==========================================================================================|=================================== % time GPU is busy ===================================|GPU[0]  : GPU use (%): 27|==========================================================================================|================================== Memory Usage (Bytes) ==================================|GPU[0]  : VRAM Total Memory (B): 205822885888|GPU[0]  : VRAM Total Used Memory (B): 65326587904|==========================================================================================|================================== End of ROCm SMI Log ===================================|
2026-08-16T02:50:10+00:00	rocm-smi	||============================ ROCm System Management Interface ============================|====================================== Temperature =======================================|GPU[0]  : Temperature (Sensor junction) (C): 48.0|GPU[0]  : Temperature (Sensor memory) (C): 43.0|==========================================================================================|=================================== Power Consumption ====================================|GPU[0]  : Current Socket Graphics Package Power (W): 349.0|==========================================================================================|=================================== % time GPU is busy ===================================|GPU[0]  : GPU use (%): 35|==========================================================================================|================================== Memory Usage (Bytes) ==================================|GPU[0]  : VRAM Total Memory (B): 205822885888|GPU[0]  : VRAM Total Used Memory (B): 65334501376|==========================================================================================|================================== End of ROCm SMI Log ===================================|
2026-08-16T02:50:15+00:00	rocm-smi	||============================ ROCm System Management Interface ============================|====================================== Temperature =======================================|GPU[0]  : Temperature (Sensor junction) (C): 47.0|GPU[0]  : Temperature (Sensor memory) (C): 40.0|==========================================================================================|=================================== Power Consumption ====================================|GPU[0]  : Current Socket Graphics Package Power (W): 197.0|==========================================================================================|=================================== % time GPU is busy ===================================|GPU[0]  : GPU use (%): 0|==========================================================================================|================================== Memory Usage (Bytes) ==================================|GPU[0]  : VRAM Total Memory (B): 205822885888|GPU[0]  : VRAM Total Used Memory (B): 65334669312|==========================================================================================|================================== End of ROCm SMI Log ===================================|
2026-08-16T02:50:20+00:00	rocm-smi	||============================ ROCm System Management Interface ============================|====================================== Temperature =======================================|GPU[0]  : Temperature (Sensor junction) (C): 47.0|GPU[0]  : Temperature (Sensor memory) (C): 40.0|==========================================================================================|=================================== Power Consumption ====================================|GPU[0]  : Current Socket Graphics Package Power (W): 199.0|==========================================================================================|=================================== % time GPU is busy ===================================|GPU[0]  : GPU use (%): 0|==========================================================================================|================================== Memory Usage (Bytes) ==================================|GPU[0]  : VRAM Total Memory (B): 205822885888|GPU[0]  : VRAM Total Used Memory (B): 65334861824|==========================================================================================|================================== End of ROCm SMI Log ===================================|
2026-08-16T02:50:25+00:00	rocm-smi	||============================ ROCm System Management Interface ============================|====================================== Temperature =======================================|GPU[0]  : Temperature (Sensor junction) (C): 46.0|GPU[0]  : Temperature (Sensor memory) (C): 40.0|==========================================================================================|=================================== Power Consumption ====================================|GPU[0]  : Current Socket Graphics Package Power (W): 214.0|==========================================================================================|=================================== % time GPU is busy ===================================|GPU[0]  : GPU use (%): 1|==========================================================================================|================================== Memory Usage (Bytes) ==================================|GPU[0]  : VRAM Total Memory (B): 205822885888|GPU[0]  : VRAM Total Used Memory (B): 65545555968|==========================================================================================|================================== End of ROCm SMI Log ===================================|
2026-08-16T02:50:30+00:00	rocm-smi	||============================ ROCm System Management Interface ============================|====================================== Temperature =======================================|GPU[0]  : Temperature (Sensor junction) (C): 46.0|GPU[0]  : Temperature (Sensor memory) (C): 40.0|==========================================================================================|=================================== Power Consumption ====================================|GPU[0]  : Current Socket Graphics Package Power (W): 265.0|==========================================================================================|=================================== % time GPU is busy ===================================|GPU[0]  : GPU use (%): 12|==========================================================================================|================================== Memory Usage (Bytes) ==================================|GPU[0]  : VRAM Total Memory (B): 205822885888|GPU[0]  : VRAM Total Used Memory (B): 67835572224|==========================================================================================|================================== End of ROCm SMI Log ===================================|
2026-08-16T02:50:35+00:00	rocm-smi	||============================ ROCm System Management Interface ============================|====================================== Temperature =======================================|GPU[0]  : Temperature (Sensor junction) (C): 47.0|GPU[0]  : Temperature (Sensor memory) (C): 40.0|==========================================================================================|=================================== Power Consumption ====================================|GPU[0]  : Current Socket Graphics Package Power (W): 241.0|==========================================================================================|=================================== % time GPU is busy ===================================|GPU[0]  : GPU use (%): 21|==========================================================================================|================================== Memory Usage (Bytes) ==================================|GPU[0]  : VRAM Total Memory (B): 205822885888|GPU[0]  : VRAM Total Used Memory (B): 164402360320|==========================================================================================|================================== End of ROCm SMI Log ===================================|
2026-08-16T02:50:40+00:00	rocm-smi	||============================ ROCm System Management Interface ============================|====================================== Temperature =======================================|GPU[0]  : Temperature (Sensor junction) (C): 47.0|GPU[0]  : Temperature (Sensor memory) (C): 41.0|==========================================================================================|=================================== Power Consumption ====================================|GPU[0]  : Current Socket Graphics Package Power (W): 353.0|==========================================================================================|=================================== % time GPU is busy ===================================|GPU[0]  : GPU use (%): 60|==========================================================================================|================================== Memory Usage (Bytes) ==================================|GPU[0]  : VRAM Total Memory (B): 205822885888|GPU[0]  : VRAM Total Used Memory (B): 164457508864|==========================================================================================|================================== End of ROCm SMI Log ===================================|
2026-08-16T02:50:45+00:00	rocm-smi	||============================ ROCm System Management Interface ============================|====================================== Temperature =======================================|GPU[0]  : Temperature (Sensor junction) (C): 46.0|GPU[0]  : Temperature (Sensor memory) (C): 39.0|==========================================================================================|=================================== Power Consumption ====================================|GPU[0]  : Current Socket Graphics Package Power (W): 196.0|==========================================================================================|=================================== % time GPU is busy ===================================|GPU[0]  : GPU use (%): 0|==========================================================================================|================================== Memory Usage (Bytes) ==================================|GPU[0]  : VRAM Total Memory (B): 205822885888|GPU[0]  : VRAM Total Used Memory (B): 166076866560|==========================================================================================|================================== End of ROCm SMI Log ===================================|
2026-08-16T02:50:50+00:00	rocm-smi	||============================ ROCm System Management Interface ============================|====================================== Temperature =======================================|GPU[0]  : Temperature (Sensor junction) (C): 46.0|GPU[0]  : Temperature (Sensor memory) (C): 39.0|==========================================================================================|=================================== Power Consumption ====================================|GPU[0]  : Current Socket Graphics Package Power (W): 197.0|==========================================================================================|=================================== % time GPU is busy ===================================|GPU[0]  : GPU use (%): 0|==========================================================================================|================================== Memory Usage (Bytes) ==================================|GPU[0]  : VRAM Total Memory (B): 205822885888|GPU[0]  : VRAM Total Used Memory (B): 166076866560|==========================================================================================|================================== End of ROCm SMI Log ===================================|
2026-08-16T02:50:56+00:00	rocm-smi	||============================ ROCm System Management Interface ============================|====================================== Temperature =======================================|GPU[0]  : Temperature (Sensor junction) (C): 64.0|GPU[0]  : Temperature (Sensor memory) (C): 43.0|==========================================================================================|=================================== Power Consumption ====================================|GPU[0]  : Current Socket Graphics Package Power (W): 742.0|==========================================================================================|=================================== % time GPU is busy ===================================|GPU[0]  : GPU use (%): 100|==========================================================================================|================================== Memory Usage (Bytes) ==================================|GPU[0]  : VRAM Total Memory (B): 205822885888|GPU[0]  : VRAM Total Used Memory (B): 166272290816|==========================================================================================|================================== End of ROCm SMI Log ===================================|
2026-08-16T02:51:01+00:00	rocm-smi	||============================ ROCm System Management Interface ============================|====================================== Temperature =======================================|GPU[0]  : Temperature (Sensor junction) (C): 49.0|GPU[0]  : Temperature (Sensor memory) (C): 41.0|==========================================================================================|=================================== Power Consumption ====================================|GPU[0]  : Current Socket Graphics Package Power (W): 212.0|==========================================================================================|=================================== % time GPU is busy ===================================|GPU[0]  : GPU use (%): 0|==========================================================================================|================================== Memory Usage (Bytes) ==================================|GPU[0]  : VRAM Total Memory (B): 205822885888|GPU[0]  : VRAM Total Used Memory (B): 118134693888|==========================================================================================|================================== End of ROCm SMI Log ===================================|
2026-08-16T02:51:06+00:00	rocm-smi	||============================ ROCm System Management Interface ============================|====================================== Temperature =======================================|GPU[0]  : Temperature (Sensor junction) (C): 46.0|GPU[0]  : Temperature (Sensor memory) (C): 40.0|==========================================================================================|=================================== Power Consumption ====================================|GPU[0]  : Current Socket Graphics Package Power (W): 162.0|==========================================================================================|=================================== % time GPU is busy ===================================|GPU[0]  : GPU use (%): 0|==========================================================================================|================================== Memory Usage (Bytes) ==================================|GPU[0]  : VRAM Total Memory (B): 205822885888|GPU[0]  : VRAM Total Used Memory (B): 299687936|==========================================================================================|================================== End of ROCm SMI Log ===================================|
2026-08-16T02:51:11+00:00	rocm-smi	||============================ ROCm System Management Interface ============================|====================================== Temperature =======================================|GPU[0]  : Temperature (Sensor junction) (C): 45.0|GPU[0]  : Temperature (Sensor memory) (C): 39.0|==========================================================================================|=================================== Power Consumption ====================================|GPU[0]  : Current Socket Graphics Package Power (W): 161.0|==========================================================================================|=================================== % time GPU is busy ===================================|GPU[0]  : GPU use (%): 0|==========================================================================================|================================== Memory Usage (Bytes) ==================================|GPU[0]  : VRAM Total Memory (B): 205822885888|GPU[0]  : VRAM Total Used Memory (B): 299687936|==========================================================================================|================================== End of ROCm SMI Log ===================================|
2026-08-16T02:51:16+00:00	rocm-smi	||============================ ROCm System Management Interface ============================|====================================== Temperature =======================================|GPU[0]  : Temperature (Sensor junction) (C): 45.0|GPU[0]  : Temperature (Sensor memory) (C): 39.0|==========================================================================================|=================================== Power Consumption ====================================|GPU[0]  : Current Socket Graphics Package Power (W): 160.0|==========================================================================================|=================================== % time GPU is busy ===================================|GPU[0]  : GPU use (%): 0|==========================================================================================|================================== Memory Usage (Bytes) ==================================|GPU[0]  : VRAM Total Memory (B): 205822885888|GPU[0]  : VRAM Total Used Memory (B): 299687936|==========================================================================================|================================== End of ROCm SMI Log ===================================|
2026-08-16T02:51:21+00:00	rocm-smi	||============================ ROCm System Management Interface ============================|====================================== Temperature =======================================|GPU[0]  : Temperature (Sensor junction) (C): 45.0|GPU[0]  : Temperature (Sensor memory) (C): 38.0|==========================================================================================|=================================== Power Consumption ====================================|GPU[0]  : Current Socket Graphics Package Power (W): 160.0|==========================================================================================|=================================== % time GPU is busy ===================================|GPU[0]  : GPU use (%): 0|==========================================================================================|================================== Memory Usage (Bytes) ==================================|GPU[0]  : VRAM Total Memory (B): 205822885888|GPU[0]  : VRAM Total Used Memory (B): 299687936|==========================================================================================|================================== End of ROCm SMI Log ===================================|
2026-08-16T02:51:26+00:00	rocm-smi	||============================ ROCm System Management Interface ============================|====================================== Temperature =======================================|GPU[0]  : Temperature (Sensor junction) (C): 45.0|GPU[0]  : Temperature (Sensor memory) (C): 38.0|==========================================================================================|=================================== Power Consumption ====================================|GPU[0]  : Current Socket Graphics Package Power (W): 159.0|==========================================================================================|=================================== % time GPU is busy ===================================|GPU[0]  : GPU use (%): 0|==========================================================================================|================================== Memory Usage (Bytes) ==================================|GPU[0]  : VRAM Total Memory (B): 205822885888|GPU[0]  : VRAM Total Used Memory (B): 299687936|==========================================================================================|================================== End of ROCm SMI Log ===================================|
2026-08-16T02:51:31+00:00	rocm-smi	||============================ ROCm System Management Interface ============================|====================================== Temperature =======================================|GPU[0]  : Temperature (Sensor junction) (C): 44.0|GPU[0]  : Temperature (Sensor memory) (C): 38.0|==========================================================================================|=================================== Power Consumption ====================================|GPU[0]  : Current Socket Graphics Package Power (W): 159.0|==========================================================================================|=================================== % time GPU is busy ===================================|GPU[0]  : GPU use (%): 0|==========================================================================================|================================== Memory Usage (Bytes) ==================================|GPU[0]  : VRAM Total Memory (B): 205822885888|GPU[0]  : VRAM Total Used Memory (B): 299687936|==========================================================================================|================================== End of ROCm SMI Log ===================================|
2026-08-16T02:51:36+00:00	rocm-smi	||============================ ROCm System Management Interface ============================|====================================== Temperature =======================================|GPU[0]  : Temperature (Sensor junction) (C): 44.0|GPU[0]  : Temperature (Sensor memory) (C): 38.0|==========================================================================================|=================================== Power Consumption ====================================|GPU[0]  : Current Socket Graphics Package Power (W): 159.0|==========================================================================================|=================================== % time GPU is busy ===================================|GPU[0]  : GPU use (%): 0|==========================================================================================|================================== Memory Usage (Bytes) ==================================|GPU[0]  : VRAM Total Memory (B): 205822885888|GPU[0]  : VRAM Total Used Memory (B): 299687936|==========================================================================================|================================== End of ROCm SMI Log ===================================|
2026-08-16T02:51:42+00:00	rocm-smi	||============================ ROCm System Management Interface ============================|====================================== Temperature =======================================|GPU[0]  : Temperature (Sensor junction) (C): 44.0|GPU[0]  : Temperature (Sensor memory) (C): 38.0|==========================================================================================|=================================== Power Consumption ====================================|GPU[0]  : Current Socket Graphics Package Power (W): 159.0|==========================================================================================|=================================== % time GPU is busy ===================================|GPU[0]  : GPU use (%): 0|==========================================================================================|================================== Memory Usage (Bytes) ==================================|GPU[0]  : VRAM Total Memory (B): 205822885888|GPU[0]  : VRAM Total Used Memory (B): 299687936|==========================================================================================|================================== End of ROCm SMI Log ===================================|
2026-08-16T02:51:47+00:00	rocm-smi	||============================ ROCm System Management Interface ============================|====================================== Temperature =======================================|GPU[0]  : Temperature (Sensor junction) (C): 44.0|GPU[0]  : Temperature (Sensor memory) (C): 38.0|==========================================================================================|=================================== Power Consumption ====================================|GPU[0]  : Current Socket Graphics Package Power (W): 159.0|==========================================================================================|=================================== % time GPU is busy ===================================|GPU[0]  : GPU use (%): 0|==========================================================================================|================================== Memory Usage (Bytes) ==================================|GPU[0]  : VRAM Total Memory (B): 205822885888|GPU[0]  : VRAM Total Used Memory (B): 299757568|==========================================================================================|================================== End of ROCm SMI Log ===================================|
2026-08-16T02:51:52+00:00	rocm-smi	||============================ ROCm System Management Interface ============================|====================================== Temperature =======================================|GPU[0]  : Temperature (Sensor junction) (C): 44.0|GPU[0]  : Temperature (Sensor memory) (C): 38.0|==========================================================================================|=================================== Power Consumption ====================================|GPU[0]  : Current Socket Graphics Package Power (W): 166.0|==========================================================================================|=================================== % time GPU is busy ===================================|GPU[0]  : GPU use (%): 0|==========================================================================================|================================== Memory Usage (Bytes) ==================================|GPU[0]  : VRAM Total Memory (B): 205822885888|GPU[0]  : VRAM Total Used Memory (B): 299819008|==========================================================================================|================================== End of ROCm SMI Log ===================================|
2026-08-16T02:51:57+00:00	rocm-smi	||============================ ROCm System Management Interface ============================|====================================== Temperature =======================================|GPU[0]  : Temperature (Sensor junction) (C): 44.0|GPU[0]  : Temperature (Sensor memory) (C): 38.0|==========================================================================================|=================================== Power Consumption ====================================|GPU[0]  : Current Socket Graphics Package Power (W): 159.0|==========================================================================================|=================================== % time GPU is busy ===================================|GPU[0]  : GPU use (%): 0|==========================================================================================|================================== Memory Usage (Bytes) ==================================|GPU[0]  : VRAM Total Memory (B): 205822885888|GPU[0]  : VRAM Total Used Memory (B): 299757568|==========================================================================================|================================== End of ROCm SMI Log ===================================|
2026-08-16T02:52:02+00:00	rocm-smi	||============================ ROCm System Management Interface ============================|====================================== Temperature =======================================|GPU[0]  : Temperature (Sensor junction) (C): 44.0|GPU[0]  : Temperature (Sensor memory) (C): 38.0|==========================================================================================|=================================== Power Consumption ====================================|GPU[0]  : Current Socket Graphics Package Power (W): 179.0|==========================================================================================|=================================== % time GPU is busy ===================================|GPU[0]  : GPU use (%): 0|==========================================================================================|================================== Memory Usage (Bytes) ==================================|GPU[0]  : VRAM Total Memory (B): 205822885888|GPU[0]  : VRAM Total Used Memory (B): 299827200|==========================================================================================|================================== End of ROCm SMI Log ===================================|
2026-08-16T02:52:07+00:00	rocm-smi	||============================ ROCm System Management Interface ============================|====================================== Temperature =======================================|GPU[0]  : Temperature (Sensor junction) (C): 45.0|GPU[0]  : Temperature (Sensor memory) (C): 38.0|==========================================================================================|=================================== Power Consumption ====================================|GPU[0]  : Current Socket Graphics Package Power (W): 241.0|==========================================================================================|=================================== % time GPU is busy ===================================|GPU[0]  : GPU use (%): 2|==========================================================================================|================================== Memory Usage (Bytes) ==================================|GPU[0]  : VRAM Total Memory (B): 205822885888|GPU[0]  : VRAM Total Used Memory (B): 64406695936|==========================================================================================|================================== End of ROCm SMI Log ===================================|
2026-08-16T02:52:12+00:00	rocm-smi	||============================ ROCm System Management Interface ============================|====================================== Temperature =======================================|GPU[0]  : Temperature (Sensor junction) (C): 45.0|GPU[0]  : Temperature (Sensor memory) (C): 38.0|==========================================================================================|=================================== Power Consumption ====================================|GPU[0]  : Current Socket Graphics Package Power (W): 204.0|==========================================================================================|=================================== % time GPU is busy ===================================|GPU[0]  : GPU use (%): 3|==========================================================================================|================================== Memory Usage (Bytes) ==================================|GPU[0]  : VRAM Total Memory (B): 205822885888|GPU[0]  : VRAM Total Used Memory (B): 64412049408|==========================================================================================|================================== End of ROCm SMI Log ===================================|
2026-08-16T02:52:17+00:00	rocm-smi	||============================ ROCm System Management Interface ============================|====================================== Temperature =======================================|GPU[0]  : Temperature (Sensor junction) (C): 45.0|GPU[0]  : Temperature (Sensor memory) (C): 39.0|==========================================================================================|=================================== Power Consumption ====================================|GPU[0]  : Current Socket Graphics Package Power (W): 240.0|==========================================================================================|=================================== % time GPU is busy ===================================|GPU[0]  : GPU use (%): 1|==========================================================================================|================================== Memory Usage (Bytes) ==================================|GPU[0]  : VRAM Total Memory (B): 205822885888|GPU[0]  : VRAM Total Used Memory (B): 64412049408|==========================================================================================|================================== End of ROCm SMI Log ===================================|
2026-08-16T02:52:22+00:00	rocm-smi	||============================ ROCm System Management Interface ============================|====================================== Temperature =======================================|GPU[0]  : Temperature (Sensor junction) (C): 45.0|GPU[0]  : Temperature (Sensor memory) (C): 38.0|==========================================================================================|=================================== Power Consumption ====================================|GPU[0]  : Current Socket Graphics Package Power (W): 198.0|==========================================================================================|=================================== % time GPU is busy ===================================|GPU[0]  : GPU use (%): 2|==========================================================================================|================================== Memory Usage (Bytes) ==================================|GPU[0]  : VRAM Total Memory (B): 205822885888|GPU[0]  : VRAM Total Used Memory (B): 64413904896|==========================================================================================|================================== End of ROCm SMI Log ===================================|
2026-08-16T02:52:27+00:00	rocm-smi	||============================ ROCm System Management Interface ============================|====================================== Temperature =======================================|GPU[0]  : Temperature (Sensor junction) (C): 45.0|GPU[0]  : Temperature (Sensor memory) (C): 38.0|==========================================================================================|=================================== Power Consumption ====================================|GPU[0]  : Current Socket Graphics Package Power (W): 196.0|==========================================================================================|=================================== % time GPU is busy ===================================|GPU[0]  : GPU use (%): 0|==========================================================================================|================================== Memory Usage (Bytes) ==================================|GPU[0]  : VRAM Total Memory (B): 205822885888|GPU[0]  : VRAM Total Used Memory (B): 64421441536|==========================================================================================|================================== End of ROCm SMI Log ===================================|
2026-08-16T02:52:33+00:00	rocm-smi	||============================ ROCm System Management Interface ============================|====================================== Temperature =======================================|GPU[0]  : Temperature (Sensor junction) (C): 45.0|GPU[0]  : Temperature (Sensor memory) (C): 38.0|==========================================================================================|=================================== Power Consumption ====================================|GPU[0]  : Current Socket Graphics Package Power (W): 195.0|==========================================================================================|=================================== % time GPU is busy ===================================|GPU[0]  : GPU use (%): 0|==========================================================================================|================================== Memory Usage (Bytes) ==================================|GPU[0]  : VRAM Total Memory (B): 205822885888|GPU[0]  : VRAM Total Used Memory (B): 64424505344|==========================================================================================|================================== End of ROCm SMI Log ===================================|
2026-08-16T02:52:38+00:00	rocm-smi	||============================ ROCm System Management Interface ============================|====================================== Temperature =======================================|GPU[0]  : Temperature (Sensor junction) (C): 45.0|GPU[0]  : Temperature (Sensor memory) (C): 38.0|==========================================================================================|=================================== Power Consumption ====================================|GPU[0]  : Current Socket Graphics Package Power (W): 195.0|==========================================================================================|=================================== % time GPU is busy ===================================|GPU[0]  : GPU use (%): 0|==========================================================================================|================================== Memory Usage (Bytes) ==================================|GPU[0]  : VRAM Total Memory (B): 205822885888|GPU[0]  : VRAM Total Used Memory (B): 65217986560|==========================================================================================|================================== End of ROCm SMI Log ===================================|
2026-08-16T02:52:43+00:00	rocm-smi	||============================ ROCm System Management Interface ============================|====================================== Temperature =======================================|GPU[0]  : Temperature (Sensor junction) (C): 46.0|GPU[0]  : Temperature (Sensor memory) (C): 41.0|==========================================================================================|=================================== Power Consumption ====================================|GPU[0]  : Current Socket Graphics Package Power (W): 299.0|==========================================================================================|=================================== % time GPU is busy ===================================|GPU[0]  : GPU use (%): 17|==========================================================================================|================================== Memory Usage (Bytes) ==================================|GPU[0]  : VRAM Total Memory (B): 205822885888|GPU[0]  : VRAM Total Used Memory (B): 65342545920|==========================================================================================|================================== End of ROCm SMI Log ===================================|
2026-08-16T02:52:48+00:00	rocm-smi	||============================ ROCm System Management Interface ============================|====================================== Temperature =======================================|GPU[0]  : Temperature (Sensor junction) (C): 48.0|GPU[0]  : Temperature (Sensor memory) (C): 48.0|==========================================================================================|=================================== Power Consumption ====================================|GPU[0]  : Current Socket Graphics Package Power (W): 507.0|==========================================================================================|=================================== % time GPU is busy ===================================|GPU[0]  : GPU use (%): 62|==========================================================================================|================================== Memory Usage (Bytes) ==================================|GPU[0]  : VRAM Total Memory (B): 205822885888|GPU[0]  : VRAM Total Used Memory (B): 65342803968|==========================================================================================|================================== End of ROCm SMI Log ===================================|
2026-08-16T02:52:53+00:00	rocm-smi	||============================ ROCm System Management Interface ============================|====================================== Temperature =======================================|GPU[0]  : Temperature (Sensor junction) (C): 47.0|GPU[0]  : Temperature (Sensor memory) (C): 41.0|==========================================================================================|=================================== Power Consumption ====================================|GPU[0]  : Current Socket Graphics Package Power (W): 235.0|==========================================================================================|=================================== % time GPU is busy ===================================|GPU[0]  : GPU use (%): 6|==========================================================================================|================================== Memory Usage (Bytes) ==================================|GPU[0]  : VRAM Total Memory (B): 205822885888|GPU[0]  : VRAM Total Used Memory (B): 65343082496|==========================================================================================|================================== End of ROCm SMI Log ===================================|
2026-08-16T02:52:58+00:00	rocm-smi	||============================ ROCm System Management Interface ============================|====================================== Temperature =======================================|GPU[0]  : Temperature (Sensor junction) (C): 46.0|GPU[0]  : Temperature (Sensor memory) (C): 45.0|==========================================================================================|=================================== Power Consumption ====================================|GPU[0]  : Current Socket Graphics Package Power (W): 427.0|==========================================================================================|=================================== % time GPU is busy ===================================|GPU[0]  : GPU use (%): 52|==========================================================================================|================================== Memory Usage (Bytes) ==================================|GPU[0]  : VRAM Total Memory (B): 205822885888|GPU[0]  : VRAM Total Used Memory (B): 65343279104|==========================================================================================|================================== End of ROCm SMI Log ===================================|
2026-08-16T02:53:03+00:00	rocm-smi	||============================ ROCm System Management Interface ============================|====================================== Temperature =======================================|GPU[0]  : Temperature (Sensor junction) (C): 46.0|GPU[0]  : Temperature (Sensor memory) (C): 48.0|==========================================================================================|=================================== Power Consumption ====================================|GPU[0]  : Current Socket Graphics Package Power (W): 566.0|==========================================================================================|=================================== % time GPU is busy ===================================|GPU[0]  : GPU use (%): 71|==========================================================================================|================================== Memory Usage (Bytes) ==================================|GPU[0]  : VRAM Total Memory (B): 205822885888|GPU[0]  : VRAM Total Used Memory (B): 65351127040|==========================================================================================|================================== End of ROCm SMI Log ===================================|
2026-08-16T02:53:08+00:00	rocm-smi	||============================ ROCm System Management Interface ============================|====================================== Temperature =======================================|GPU[0]  : Temperature (Sensor junction) (C): 47.0|GPU[0]  : Temperature (Sensor memory) (C): 40.0|==========================================================================================|=================================== Power Consumption ====================================|GPU[0]  : Current Socket Graphics Package Power (W): 207.0|==========================================================================================|=================================== % time GPU is busy ===================================|GPU[0]  : GPU use (%): 2|==========================================================================================|================================== Memory Usage (Bytes) ==================================|GPU[0]  : VRAM Total Memory (B): 205822885888|GPU[0]  : VRAM Total Used Memory (B): 65351397376|==========================================================================================|================================== End of ROCm SMI Log ===================================|
2026-08-16T02:53:13+00:00	rocm-smi	||============================ ROCm System Management Interface ============================|====================================== Temperature =======================================|GPU[0]  : Temperature (Sensor junction) (C): 46.0|GPU[0]  : Temperature (Sensor memory) (C): 42.0|==========================================================================================|=================================== Power Consumption ====================================|GPU[0]  : Current Socket Graphics Package Power (W): 325.0|==========================================================================================|=================================== % time GPU is busy ===================================|GPU[0]  : GPU use (%): 33|==========================================================================================|================================== Memory Usage (Bytes) ==================================|GPU[0]  : VRAM Total Memory (B): 205822885888|GPU[0]  : VRAM Total Used Memory (B): 65351569408|==========================================================================================|================================== End of ROCm SMI Log ===================================|
2026-08-16T02:53:19+00:00	rocm-smi	||============================ ROCm System Management Interface ============================|====================================== Temperature =======================================|GPU[0]  : Temperature (Sensor junction) (C): 47.0|GPU[0]  : Temperature (Sensor memory) (C): 40.0|==========================================================================================|=================================== Power Consumption ====================================|GPU[0]  : Current Socket Graphics Package Power (W): 199.0|==========================================================================================|=================================== % time GPU is busy ===================================|GPU[0]  : GPU use (%): 0|==========================================================================================|================================== Memory Usage (Bytes) ==================================|GPU[0]  : VRAM Total Memory (B): 205822885888|GPU[0]  : VRAM Total Used Memory (B): 65307713536|==========================================================================================|================================== End of ROCm SMI Log ===================================|
2026-08-16T02:53:24+00:00	rocm-smi	||============================ ROCm System Management Interface ============================|====================================== Temperature =======================================|GPU[0]  : Temperature (Sensor junction) (C): 46.0|GPU[0]  : Temperature (Sensor memory) (C): 40.0|==========================================================================================|=================================== Power Consumption ====================================|GPU[0]  : Current Socket Graphics Package Power (W): 209.0|==========================================================================================|=================================== % time GPU is busy ===================================|GPU[0]  : GPU use (%): 1|==========================================================================================|================================== Memory Usage (Bytes) ==================================|GPU[0]  : VRAM Total Memory (B): 205822885888|GPU[0]  : VRAM Total Used Memory (B): 66103152640|==========================================================================================|================================== End of ROCm SMI Log ===================================|
2026-08-16T02:53:29+00:00	rocm-smi	||============================ ROCm System Management Interface ============================|====================================== Temperature =======================================|GPU[0]  : Temperature (Sensor junction) (C): 47.0|GPU[0]  : Temperature (Sensor memory) (C): 43.0|==========================================================================================|=================================== Power Consumption ====================================|GPU[0]  : Current Socket Graphics Package Power (W): 375.0|==========================================================================================|=================================== % time GPU is busy ===================================|GPU[0]  : GPU use (%): 48|==========================================================================================|================================== Memory Usage (Bytes) ==================================|GPU[0]  : VRAM Total Memory (B): 205822885888|GPU[0]  : VRAM Total Used Memory (B): 164279291904|==========================================================================================|================================== End of ROCm SMI Log ===================================|
2026-08-16T02:53:34+00:00	rocm-smi	||============================ ROCm System Management Interface ============================|====================================== Temperature =======================================|GPU[0]  : Temperature (Sensor junction) (C): 47.0|GPU[0]  : Temperature (Sensor memory) (C): 40.0|==========================================================================================|=================================== Power Consumption ====================================|GPU[0]  : Current Socket Graphics Package Power (W): 233.0|==========================================================================================|=================================== % time GPU is busy ===================================|GPU[0]  : GPU use (%): 21|==========================================================================================|================================== Memory Usage (Bytes) ==================================|GPU[0]  : VRAM Total Memory (B): 205822885888|GPU[0]  : VRAM Total Used Memory (B): 164440121344|==========================================================================================|================================== End of ROCm SMI Log ===================================|
2026-08-16T02:53:39+00:00	rocm-smi	||============================ ROCm System Management Interface ============================|====================================== Temperature =======================================|GPU[0]  : Temperature (Sensor junction) (C): 47.0|GPU[0]  : Temperature (Sensor memory) (C): 41.0|==========================================================================================|=================================== Power Consumption ====================================|GPU[0]  : Current Socket Graphics Package Power (W): 275.0|==========================================================================================|=================================== % time GPU is busy ===================================|GPU[0]  : GPU use (%): 49|==========================================================================================|================================== Memory Usage (Bytes) ==================================|GPU[0]  : VRAM Total Memory (B): 205822885888|GPU[0]  : VRAM Total Used Memory (B): 164465569792|==========================================================================================|================================== End of ROCm SMI Log ===================================|
2026-08-16T02:53:44+00:00	rocm-smi	||============================ ROCm System Management Interface ============================|====================================== Temperature =======================================|GPU[0]  : Temperature (Sensor junction) (C): 46.0|GPU[0]  : Temperature (Sensor memory) (C): 40.0|==========================================================================================|=================================== Power Consumption ====================================|GPU[0]  : Current Socket Graphics Package Power (W): 197.0|==========================================================================================|=================================== % time GPU is busy ===================================|GPU[0]  : GPU use (%): 0|==========================================================================================|================================== Memory Usage (Bytes) ==================================|GPU[0]  : VRAM Total Memory (B): 205822885888|GPU[0]  : VRAM Total Used Memory (B): 166076821504|==========================================================================================|================================== End of ROCm SMI Log ===================================|
2026-08-16T02:53:49+00:00	rocm-smi	||============================ ROCm System Management Interface ============================|====================================== Temperature =======================================|GPU[0]  : Temperature (Sensor junction) (C): 46.0|GPU[0]  : Temperature (Sensor memory) (C): 40.0|==========================================================================================|=================================== Power Consumption ====================================|GPU[0]  : Current Socket Graphics Package Power (W): 201.0|==========================================================================================|=================================== % time GPU is busy ===================================|GPU[0]  : GPU use (%): 0|==========================================================================================|================================== Memory Usage (Bytes) ==================================|GPU[0]  : VRAM Total Memory (B): 205822885888|GPU[0]  : VRAM Total Used Memory (B): 166081839104|==========================================================================================|================================== End of ROCm SMI Log ===================================|
2026-08-16T02:53:54+00:00	rocm-smi	||============================ ROCm System Management Interface ============================|====================================== Temperature =======================================|GPU[0]  : Temperature (Sensor junction) (C): 72.0|GPU[0]  : Temperature (Sensor memory) (C): 43.0|==========================================================================================|=================================== Power Consumption ====================================|GPU[0]  : Current Socket Graphics Package Power (W): 745.0|==========================================================================================|=================================== % time GPU is busy ===================================|GPU[0]  : GPU use (%): 100|==========================================================================================|================================== Memory Usage (Bytes) ==================================|GPU[0]  : VRAM Total Memory (B): 205822885888|GPU[0]  : VRAM Total Used Memory (B): 166272241664|==========================================================================================|================================== End of ROCm SMI Log ===================================|
2026-08-16T02:53:59+00:00	rocm-smi	||============================ ROCm System Management Interface ============================|====================================== Temperature =======================================|GPU[0]  : Temperature (Sensor junction) (C): 77.0|GPU[0]  : Temperature (Sensor memory) (C): 45.0|==========================================================================================|=================================== Power Consumption ====================================|GPU[0]  : Current Socket Graphics Package Power (W): 742.0|==========================================================================================|=================================== % time GPU is busy ===================================|GPU[0]  : GPU use (%): 100|==========================================================================================|================================== Memory Usage (Bytes) ==================================|GPU[0]  : VRAM Total Memory (B): 205822885888|GPU[0]  : VRAM Total Used Memory (B): 166272241664|==========================================================================================|================================== End of ROCm SMI Log ===================================|
2026-08-16T02:54:04+00:00	rocm-smi	||============================ ROCm System Management Interface ============================|====================================== Temperature =======================================|GPU[0]  : Temperature (Sensor junction) (C): 79.0|GPU[0]  : Temperature (Sensor memory) (C): 45.0|==========================================================================================|=================================== Power Consumption ====================================|GPU[0]  : Current Socket Graphics Package Power (W): 748.0|==========================================================================================|=================================== % time GPU is busy ===================================|GPU[0]  : GPU use (%): 100|==========================================================================================|================================== Memory Usage (Bytes) ==================================|GPU[0]  : VRAM Total Memory (B): 205822885888|GPU[0]  : VRAM Total Used Memory (B): 166272274432|==========================================================================================|================================== End of ROCm SMI Log ===================================|
2026-08-16T02:54:10+00:00	rocm-smi	||============================ ROCm System Management Interface ============================|====================================== Temperature =======================================|GPU[0]  : Temperature (Sensor junction) (C): 52.0|GPU[0]  : Temperature (Sensor memory) (C): 44.0|==========================================================================================|=================================== Power Consumption ====================================|GPU[0]  : Current Socket Graphics Package Power (W): 216.0|==========================================================================================|=================================== % time GPU is busy ===================================|GPU[0]  : GPU use (%): 0|==========================================================================================|================================== Memory Usage (Bytes) ==================================|GPU[0]  : VRAM Total Memory (B): 205822885888|GPU[0]  : VRAM Total Used Memory (B): 110401961984|==========================================================================================|================================== End of ROCm SMI Log ===================================|
